Date,Visitor,Home,goals_home,goals_visit,length,attendance,note
2015-10-07,Vancouver Canucks,Calgary Flames,1,5,2:32,19289,
2015-10-07,New York Rangers,Chicago Blackhawks,2,3,2:28,22104,
2015-10-07,San Jose Sharks,Los Angeles Kings,1,5,2:40,18230,
2015-10-07,Montreal Canadiens,Toronto Maple Leafs,1,3,2:36,19241,
2015-10-08,Winnipeg Jets,Boston Bruins,2,6,2:26,17565,
2015-10-08,Ottawa Senators,Buffalo Sabres,1,3,2:37,19070,
2015-10-08,Minnesota Wild,Colorado Avalanche,4,5,2:36,18007,
2015-10-08,Pittsburgh Penguins,Dallas Stars,3,0,2:41,18532,
2015-10-08,Carolina Hurricanes,Nashville Predators,2,1,2:25,17204,
2015-10-08,Edmonton Oilers,St. Louis Blues,3,1,2:25,19327,
2015-10-08,Philadelphia Flyers,Tampa Bay Lightning,3,2,2:34,19092,OT
2015-10-09,New York Rangers,Columbus Blue Jackets,2,4,2:31,19027,
2015-10-09,Toronto Maple Leafs,Detroit Red Wings,4,0,2:33,20027,
2015-10-09,Arizona Coyotes,Los Angeles Kings,1,4,2:27,18230,
2015-10-09,Winnipeg Jets,New Jersey Devils,1,3,2:26,14579,
2015-10-09,Chicago Blackhawks,New York Islanders,2,3,2:37,15795,OT
2015-10-10,Pittsburgh Penguins,Arizona Coyotes,2,1,2:30,17125,
2015-10-10,Montreal Canadiens,Boston Bruins,2,4,2:50,17565,
2015-10-10,Tampa Bay Lightning,Buffalo Sabres,1,4,2:27,17739,
2015-10-10,Detroit Red Wings,Carolina Hurricanes,3,4,2:29,18949,
2015-10-10,New York Islanders,Chicago Blackhawks,4,1,2:23,21392,
2015-10-10,Dallas Stars,Colorado Avalanche,6,3,2:31,16024,
2015-10-10,Philadelphia Flyers,Florida Panthers,7,1,2:37,19434,
2015-10-10,St. Louis Blues,Minnesota Wild,3,2,2:27,19096,
2015-10-10,Edmonton Oilers,Nashville Predators,2,0,2:32,17113,
2015-10-10,Columbus Blue Jackets,New York Rangers,5,2,2:33,18006,
2015-10-10,Anaheim Ducks,San Jose Sharks,2,0,2:25,17562,
2015-10-10,Ottawa Senators,Toronto Maple Leafs,4,5,2:53,19187,SO
2015-10-10,Calgary Flames,Vancouver Canucks,2,3,2:36,18570,OT
2015-10-10,New Jersey Devils,Washington Capitals,5,3,2:35,18506,
2015-10-11,Montreal Canadiens,Ottawa Senators,1,3,2:40,19177,
2015-10-12,Vancouver Canucks,Anaheim Ducks,1,2,2:25,17174,SO
2015-10-12,Tampa Bay Lightning,Boston Bruins,3,6,2:30,17565,
2015-10-12,Columbus Blue Jackets,Buffalo Sabres,4,2,2:27,18075,
2015-10-12,Winnipeg Jets,New York Islanders,4,2,2:37,11183,
2015-10-12,Florida Panthers,Philadelphia Flyers,1,0,2:29,19769,
2015-10-13,Florida Panthers,Carolina Hurricanes,1,4,2:14,10901,
2015-10-13,St. Louis Blues,Calgary Flames,3,4,2:23,18632,
2015-10-13,Edmonton Oilers,Dallas Stars,4,2,2:30,16265,
2015-10-13,Tampa Bay Lightning,Detroit Red Wings,3,1,2:27,20027,
2015-10-13,Vancouver Canucks,Los Angeles Kings,0,3,2:23,18230,
2015-10-13,Nashville Predators,New Jersey Devils,1,3,2:27,11117,
2015-10-13,Winnipeg Jets,New York Rangers,1,4,2:23,18006,
2015-10-13,Montreal Canadiens,Pittsburgh Penguins,2,3,2:23,18626,
2015-10-13,San Jose Sharks,Washington Capitals,0,5,2:33,18506,
2015-10-14,Arizona Coyotes,Anaheim Ducks,0,4,2:33,15172,
2015-10-14,Ottawa Senators,Columbus Blue Jackets,3,7,2:31,13803,
2015-10-14,Boston Bruins,Colorado Avalanche,2,6,2:17,15082,
2015-10-14,Chicago Blackhawks,Philadelphia Flyers,3,0,2:25,19779,
2015-10-15,Minnesota Wild,Arizona Coyotes,3,4,2:44,12029,
2015-10-15,St. Louis Blues,Edmonton Oilers,2,4,2:27,16839,
2015-10-15,Buffalo Sabres,Florida Panthers,3,2,2:36,11616,
2015-10-15,New York Rangers,Montreal Canadiens,3,0,2:37,21288,
2015-10-15,Nashville Predators,New York Islanders,4,3,2:32,10542,
2015-10-15,Ottawa Senators,Pittsburgh Penguins,2,0,2:29,18486,
2015-10-15,Dallas Stars,Tampa Bay Lightning,3,5,2:31,19092,
2015-10-15,Chicago Blackhawks,Washington Capitals,4,1,2:17,18506,
2015-10-16,Colorado Avalanche,Anaheim Ducks,0,3,2:29,17174,
2015-10-16,Toronto Maple Leafs,Columbus Blue Jackets,3,6,2:37,13885,
2015-10-16,Carolina Hurricanes,Detroit Red Wings,3,5,2:22,20027,
2015-10-16,Minnesota Wild,Los Angeles Kings,2,1,2:34,18230,OT
2015-10-16,San Jose Sharks,New Jersey Devils,1,2,2:37,12464,SO
2015-10-16,St. Louis Blues,Vancouver Canucks,3,4,2:24,18362,
2015-10-16,Calgary Flames,Winnipeg Jets,3,1,2:28,15294,
2015-10-17,Boston Bruins,Arizona Coyotes,3,5,2:35,13411,
2015-10-17,Edmonton Oilers,Calgary Flames,2,5,2:36,19289,
2015-10-17,Columbus Blue Jackets,Chicago Blackhawks,4,1,2:19,21563,
2015-10-17,Dallas Stars,Florida Panthers,2,4,2:30,12834,
2015-10-17,Detroit Red Wings,Montreal Canadiens,4,1,2:35,21288,
2015-10-17,San Jose Sharks,New York Islanders,6,3,2:37,11577,
2015-10-17,Nashville Predators,Ottawa Senators,3,4,2:50,16895,SO
2015-10-17,Toronto Maple Leafs,Pittsburgh Penguins,2,1,2:30,18650,
2015-10-17,Buffalo Sabres,Tampa Bay Lightning,2,1,2:27,19092,
2015-10-17,Carolina Hurricanes,Washington Capitals,4,1,2:26,18506,
2015-10-18,Minnesota Wild,Anaheim Ducks,4,1,2:34,16784,
2015-10-18,Colorado Avalanche,Los Angeles Kings,2,1,2:34,18230,
2015-10-18,New Jersey Devils,New York Rangers,1,2,2:23,18006,OT
2015-10-18,Edmonton Oilers,Vancouver Canucks,1,2,2:21,18261,OT
2015-10-18,St. Louis Blues,Winnipeg Jets,2,4,3:28,15294,
2015-10-19,San Jose Sharks,New York Rangers,4,0,2:19,18006,
2015-10-20,New York Islanders,Columbus Blue Jackets,0,4,2:28,14295,
2015-10-20,Washington Capitals,Calgary Flames,2,6,2:28,18303,
2015-10-20,St. Louis Blues,Montreal Canadiens,3,0,2:40,21288,
2015-10-20,Arizona Coyotes,New Jersey Devils,3,2,2:32,12171,OT
2015-10-20,Tampa Bay Lightning,Nashville Predators,5,4,2:43,17113,SO
2015-10-20,Dallas Stars,Philadelphia Flyers,1,2,2:35,19077,
2015-10-20,Florida Panthers,Pittsburgh Penguins,3,2,2:45,18471,OT
2015-10-21,Philadelphia Flyers,Boston Bruins,4,5,2:33,17565,OT
2015-10-21,Toronto Maple Leafs,Buffalo Sabres,2,1,2:47,17762,SO
2015-10-21,Carolina Hurricanes,Colorado Avalanche,0,1,2:24,12826,OT
2015-10-21,Detroit Red Wings,Edmonton Oilers,3,1,2:25,16839,
2015-10-22,Florida Panthers,Chicago Blackhawks,3,2,2:34,21591,
2015-10-22,Columbus Blue Jackets,Minnesota Wild,3,2,2:31,18650,
2015-10-22,Anaheim Ducks,Nashville Predators,5,1,2:28,17113,
2015-10-22,Arizona Coyotes,New York Rangers,4,1,2:38,18006,
2015-10-22,New Jersey Devils,Ottawa Senators,4,5,2:41,16578,SO
2015-10-22,Dallas Stars,Pittsburgh Penguins,1,4,2:32,18490,
2015-10-22,Los Angeles Kings,San Jose Sharks,1,4,2:39,16797,
2015-10-22,Washington Capitals,Vancouver Canucks,2,3,2:17,18188,
2015-10-23,Montreal Canadiens,Buffalo Sabres,2,7,2:28,18214,
2015-10-23,Detroit Red Wings,Calgary Flames,3,2,2:37,19158,OT
2015-10-23,Washington Capitals,Edmonton Oilers,4,7,2:28,16839,
2015-10-23,Carolina Hurricanes,Los Angeles Kings,3,0,2:31,18230,
2015-10-23,Boston Bruins,New York Islanders,3,5,2:45,13113,
2015-10-23,Tampa Bay Lightning,Winnipeg Jets,3,4,2:31,15294,OT
2015-10-24,New Jersey Devils,Buffalo Sabres,3,4,2:31,18040,
2015-10-24,Tampa Bay Lightning,Chicago Blackhawks,1,0,2:23,21822,OT
2015-10-24,Columbus Blue Jackets,Colorado Avalanche,3,4,2:30,18007,
2015-10-24,Florida Panthers,Dallas Stars,2,6,2:34,18532,
2015-10-24,Anaheim Ducks,Minnesota Wild,3,0,2:29,19034,
2015-10-24,Toronto Maple Leafs,Montreal Canadiens,5,3,2:43,21288,
2015-10-24,Pittsburgh Penguins,Nashville Predators,1,2,2:29,17163,OT
2015-10-24,Arizona Coyotes,Ottawa Senators,1,4,2:29,17270,
2015-10-24,New York Rangers,Philadelphia Flyers,3,2,2:52,19805,SO
2015-10-24,Carolina Hurricanes,San Jose Sharks,5,2,2:24,15814,
2015-10-24,New York Islanders,St. Louis Blues,2,3,2:31,19186,OT
2015-10-24,Detroit Red Wings,Vancouver Canucks,2,3,2:38,18312,OT
2015-10-25,Los Angeles Kings,Edmonton Oilers,2,3,2:27,16839,
2015-10-25,Calgary Flames,New York Rangers,4,1,2:18,18006,
2015-10-25,Minnesota Wild,Winnipeg Jets,5,4,2:34,15294,
2015-10-26,Anaheim Ducks,Chicago Blackhawks,1,0,2:36,21529,OT
2015-10-26,Calgary Flames,New York Islanders,4,0,2:26,11582,
2015-10-26,Arizona Coyotes,Toronto Maple Leafs,3,4,2:48,18944,
2015-10-27,Arizona Coyotes,Boston Bruins,6,0,2:34,17565,
2015-10-27,Anaheim Ducks,Dallas Stars,4,3,2:32,17798,
2015-10-27,Carolina Hurricanes,Detroit Red Wings,1,3,2:19,20027,
2015-10-27,Colorado Avalanche,Florida Panthers,4,1,2:26,11694,
2015-10-27,Edmonton Oilers,Minnesota Wild,4,3,2:23,18936,
2015-10-27,Columbus Blue Jackets,New Jersey Devils,1,3,2:17,12847,
2015-10-27,Buffalo Sabres,Philadelphia Flyers,3,4,2:37,19432,OT
2015-10-27,Tampa Bay Lightning,St. Louis Blues,2,0,2:24,19184,
2015-10-27,Montreal Canadiens,Vancouver Canucks,5,1,2:23,18570,
2015-10-27,Los Angeles Kings,Winnipeg Jets,1,4,2:20,15294,
2015-10-28,Calgary Flames,Ottawa Senators,5,4,2:53,16923,SO
2015-10-28,Nashville Predators,San Jose Sharks,1,2,2:24,15219,
2015-10-28,Pittsburgh Penguins,Washington Capitals,1,3,2:27,18506,
2015-10-29,Vancouver Canucks,Dallas Stars,4,3,2:32,17664,OT
2015-10-29,Montreal Canadiens,Edmonton Oilers,4,3,2:37,16839,
2015-10-29,Carolina Hurricanes,New York Islanders,2,3,2:31,11494,OT
2015-10-29,New Jersey Devils,Philadelphia Flyers,1,4,2:32,19241,
2015-10-29,Buffalo Sabres,Pittsburgh Penguins,4,3,2:28,18415,
2015-10-29,Anaheim Ducks,St. Louis Blues,2,1,2:30,16904,
2015-10-29,Colorado Avalanche,Tampa Bay Lightning,1,2,2:28,19092,
2015-10-29,Chicago Blackhawks,Winnipeg Jets,3,1,2:32,15294,
2015-10-30,Vancouver Canucks,Arizona Coyotes,3,4,2:22,12166,
2015-10-30,Philadelphia Flyers,Buffalo Sabres,3,1,2:37,15962,
2015-10-30,Colorado Avalanche,Carolina Hurricanes,3,2,2:22,9345,
2015-10-30,Montreal Canadiens,Calgary Flames,2,6,2:36,19289,
2015-10-30,Ottawa Senators,Detroit Red Wings,1,3,2:36,20027,
2015-10-30,Boston Bruins,Florida Panthers,1,3,2:30,14112,
2015-10-30,Chicago Blackhawks,Minnesota Wild,5,4,2:43,19140,
2015-10-30,Toronto Maple Leafs,New York Rangers,3,1,2:30,18006,
2015-10-30,Columbus Blue Jackets,Washington Capitals,2,1,2:27,18506,
2015-10-31,Winnipeg Jets,Columbus Blue Jackets,2,3,2:29,12860,
2015-10-31,San Jose Sharks,Dallas Stars,5,3,2:33,18178,
2015-10-31,Calgary Flames,Edmonton Oilers,4,5,2:39,16839,
2015-10-31,Washington Capitals,Florida Panthers,1,2,2:34,11207,OT
2015-10-31,Nashville Predators,Los Angeles Kings,4,3,2:29,18230,OT
2015-10-31,New York Islanders,New Jersey Devils,3,2,2:30,11605,SO
2015-10-31,Detroit Red Wings,Ottawa Senators,3,5,2:40,16964,
2015-10-31,Minnesota Wild,St. Louis Blues,3,2,3:01,17728,OT
2015-10-31,Boston Bruins,Tampa Bay Lightning,1,3,2:26,19092,
2015-10-31,Pittsburgh Penguins,Toronto Maple Leafs,0,4,2:30,19197,
2015-11-01,Nashville Predators,Anaheim Ducks,4,2,2:32,16276,
2015-11-01,Tampa Bay Lightning,Carolina Hurricanes,3,4,2:23,9081,
2015-11-01,San Jose Sharks,Colorado Avalanche,3,4,2:31,17128,
2015-11-01,Winnipeg Jets,Montreal Canadiens,5,1,2:31,21288,
2015-11-01,Buffalo Sabres,New York Islanders,1,2,2:18,11278,
2015-11-02,Los Angeles Kings,Chicago Blackhawks,4,2,2:28,21534,
2015-11-02,Dallas Stars,Toronto Maple Leafs,4,1,2:51,19087,
2015-11-02,Philadelphia Flyers,Vancouver Canucks,4,1,2:29,18264,
2015-11-03,Dallas Stars,Boston Bruins,3,5,2:33,17565,
2015-11-03,Calgary Flames,Colorado Avalanche,6,3,2:31,14408,
2015-11-03,Tampa Bay Lightning,Detroit Red Wings,2,1,2:32,20027,
2015-11-03,Philadelphia Flyers,Edmonton Oilers,4,2,2:28,16839,
2015-11-03,Ottawa Senators,Montreal Canadiens,1,2,2:32,21288,OT
2015-11-03,New Jersey Devils,New York Islanders,2,1,2:27,12122,
2015-11-03,Washington Capitals,New York Rangers,5,2,2:26,18006,
2015-11-03,Columbus Blue Jackets,San Jose Sharks,2,5,2:30,15491,
2015-11-03,Los Angeles Kings,St. Louis Blues,0,3,2:35,17529,
2015-11-04,Florida Panthers,Anaheim Ducks,3,2,2:49,15169,SO
2015-11-04,St. Louis Blues,Chicago Blackhawks,5,6,2:45,21676,OT
2015-11-04,Winnipeg Jets,Toronto Maple Leafs,2,4,2:32,19113,
2015-11-04,Pittsburgh Penguins,Vancouver Canucks,2,3,2:31,18570,
2015-11-05,Colorado Avalanche,Arizona Coyotes,4,2,2:37,10270,
2015-11-05,Tampa Bay Lightning,Buffalo Sabres,1,4,2:19,18161,
2015-11-05,Philadelphia Flyers,Calgary Flames,2,1,2:33,19289,OT
2015-11-05,Columbus Blue Jackets,Los Angeles Kings,2,3,2:37,18230,
2015-11-05,Nashville Predators,Minnesota Wild,2,3,2:40,19024,
2015-11-05,New York Islanders,Montreal Canadiens,4,1,2:24,21288,
2015-11-05,Winnipeg Jets,Ottawa Senators,3,2,2:43,17195,SO
2015-11-05,Florida Panthers,San Jose Sharks,5,2,2:29,15525,
2015-11-05,Boston Bruins,Washington Capitals,4,1,2:35,18506,
2015-11-06,Columbus Blue Jackets,Anaheim Ducks,4,2,2:26,17174,
2015-11-06,Dallas Stars,Carolina Hurricanes,1,4,2:32,10188,
2015-11-06,New York Rangers,Colorado Avalanche,1,2,2:23,17818,
2015-11-06,Pittsburgh Penguins,Edmonton Oilers,1,2,2:33,16839,
2015-11-06,Chicago Blackhawks,New Jersey Devils,4,2,2:38,16514,
2015-11-06,Detroit Red Wings,Toronto Maple Leafs,1,2,2:40,19680,OT
2015-11-07,New York Rangers,Arizona Coyotes,1,4,2:31,13029,
2015-11-07,Vancouver Canucks,Buffalo Sabres,3,2,2:26,19070,
2015-11-07,Ottawa Senators,Carolina Hurricanes,3,2,2:33,10005,OT
2015-11-07,Pittsburgh Penguins,Calgary Flames,5,2,2:31,19289,
2015-11-07,Florida Panthers,Los Angeles Kings,4,1,2:32,18230,
2015-11-07,Tampa Bay Lightning,Minnesota Wild,1,0,2:20,19066,
2015-11-07,Boston Bruins,Montreal Canadiens,4,2,2:46,21288,
2015-11-07,St. Louis Blues,Nashville Predators,0,4,2:26,17143,
2015-11-07,Anaheim Ducks,San Jose Sharks,0,1,2:32,17562,
2015-11-07,Philadelphia Flyers,Winnipeg Jets,0,3,2:27,15294,
2015-11-07,Toronto Maple Leafs,Washington Capitals,3,2,2:52,18506,SO
2015-11-08,Edmonton Oilers,Chicago Blackhawks,4,2,2:33,21611,
2015-11-08,Dallas Stars,Detroit Red Wings,1,4,2:31,20027,
2015-11-08,Vancouver Canucks,New Jersey Devils,4,3,2:54,14896,OT
2015-11-08,Boston Bruins,New York Islanders,1,2,2:30,13197,
2015-11-09,Arizona Coyotes,Anaheim Ducks,3,4,2:30,13864,OT
2015-11-10,Vancouver Canucks,Columbus Blue Jackets,3,5,2:27,14148,
2015-11-10,Toronto Maple Leafs,Dallas Stars,2,3,2:31,18266,
2015-11-10,Washington Capitals,Detroit Red Wings,1,0,2:21,20027,
2015-11-10,Calgary Flames,Florida Panthers,4,3,2:24,11242,
2015-11-10,Arizona Coyotes,Los Angeles Kings,2,3,2:26,18230,
2015-11-10,Winnipeg Jets,Minnesota Wild,5,3,2:31,19153,
2015-11-10,St. Louis Blues,New Jersey Devils,0,2,2:18,13310,
2015-11-10,Ottawa Senators,Nashville Predators,7,5,2:41,16963,
2015-11-10,Carolina Hurricanes,New York Rangers,3,0,2:27,18006,
2015-11-10,Colorado Avalanche,Philadelphia Flyers,0,4,2:25,18587,
2015-11-10,New York Islanders,San Jose Sharks,2,4,2:27,16558,
2015-11-10,Buffalo Sabres,Tampa Bay Lightning,1,4,2:25,19092,
2015-11-11,Edmonton Oilers,Anaheim Ducks,3,4,2:30,16505,OT
2015-11-11,Montreal Canadiens,Pittsburgh Penguins,4,3,2:44,18455,SO
2015-11-12,Edmonton Oilers,Arizona Coyotes,4,1,2:26,15545,
2015-11-12,Colorado Avalanche,Boston Bruins,2,3,2:34,17565,
2015-11-12,Minnesota Wild,Carolina Hurricanes,2,3,2:33,9511,OT
2015-11-12,New Jersey Devils,Chicago Blackhawks,2,3,2:18,21568,
2015-11-12,Winnipeg Jets,Dallas Stars,6,3,2:29,18010,
2015-11-12,Buffalo Sabres,Florida Panthers,2,3,2:32,11271,
2015-11-12,New York Islanders,Los Angeles Kings,2,1,2:27,18230,
2015-11-12,Toronto Maple Leafs,Nashville Predators,1,2,2:37,17231,SO
2015-11-12,St. Louis Blues,New York Rangers,6,3,2:26,18006,
2015-11-12,Vancouver Canucks,Ottawa Senators,3,2,2:23,19229,
2015-11-12,Washington Capitals,Philadelphia Flyers,2,5,2:34,19414,
2015-11-12,Calgary Flames,Tampa Bay Lightning,3,1,2:40,19092,
2015-11-13,New York Islanders,Anaheim Ducks,1,4,2:28,17174,
2015-11-13,San Jose Sharks,Detroit Red Wings,2,3,2:17,20027,
2015-11-13,Columbus Blue Jackets,Pittsburgh Penguins,1,2,2:40,18610,
2015-11-13,Calgary Flames,Washington Capitals,2,3,2:35,18506,OT
2015-11-14,Detroit Red Wings,Boston Bruins,3,1,2:24,17565,
2015-11-14,San Jose Sharks,Buffalo Sabres,1,2,2:33,18611,OT
2015-11-14,Philadelphia Flyers,Carolina Hurricanes,2,3,2:21,13758,OT
2015-11-14,Arizona Coyotes,Columbus Blue Jackets,5,2,2:38,13702,
2015-11-14,Minnesota Wild,Dallas Stars,3,2,2:40,18532,OT
2015-11-14,Edmonton Oilers,Los Angeles Kings,4,3,2:28,18230,
2015-11-14,Colorado Avalanche,Montreal Canadiens,1,6,2:23,21288,
2015-11-14,Pittsburgh Penguins,New Jersey Devils,4,0,2:29,16514,
2015-11-14,Winnipeg Jets,Nashville Predators,7,0,2:42,17113,
2015-11-14,New York Rangers,Ottawa Senators,1,2,2:33,19310,SO
2015-11-14,Chicago Blackhawks,St. Louis Blues,2,4,2:40,19808,
2015-11-14,Florida Panthers,Tampa Bay Lightning,4,5,2:53,19092,SO
2015-11-14,Vancouver Canucks,Toronto Maple Leafs,4,2,2:41,19798,
2015-11-15,Calgary Flames,Chicago Blackhawks,4,1,2:23,21629,
2015-11-15,Toronto Maple Leafs,New York Rangers,4,3,2:38,18006,
2015-11-16,Anaheim Ducks,Carolina Hurricanes,1,4,2:22,9305,
2015-11-16,Tampa Bay Lightning,Florida Panthers,1,0,2:26,12067,
2015-11-16,Vancouver Canucks,Montreal Canadiens,4,3,2:37,21288,OT
2015-11-16,Arizona Coyotes,New York Islanders,5,2,2:24,11841,
2015-11-16,Detroit Red Wings,Ottawa Senators,3,4,2:36,16718,OT
2015-11-16,Winnipeg Jets,St. Louis Blues,3,2,2:33,18680,
2015-11-17,San Jose Sharks,Boston Bruins,4,5,2:32,17565,
2015-11-17,Dallas Stars,Buffalo Sabres,1,3,2:36,18101,
2015-11-17,St. Louis Blues,Columbus Blue Jackets,3,1,2:27,12161,
2015-11-17,New Jersey Devils,Calgary Flames,3,2,2:27,19289,
2015-11-17,Anaheim Ducks,Nashville Predators,3,2,2:30,17113,
2015-11-17,Los Angeles Kings,Philadelphia Flyers,2,3,2:36,18846,SO
2015-11-17,Minnesota Wild,Pittsburgh Penguins,4,3,2:43,18495,
2015-11-17,Colorado Avalanche,Toronto Maple Leafs,5,1,2:25,19238,
2015-11-18,Washington Capitals,Detroit Red Wings,1,2,2:26,20027,OT
2015-11-18,Chicago Blackhawks,Edmonton Oilers,3,4,2:33,16839,OT
2015-11-18,Vancouver Canucks,Winnipeg Jets,4,1,2:33,15294,
2015-11-19,Minnesota Wild,Boston Bruins,4,2,2:29,17565,
2015-11-19,Anaheim Ducks,Florida Panthers,1,3,2:30,10947,
2015-11-19,Arizona Coyotes,Montreal Canadiens,2,3,2:37,21288,
2015-11-19,Columbus Blue Jackets,Ottawa Senators,3,0,2:37,16925,
2015-11-19,San Jose Sharks,Philadelphia Flyers,0,1,2:37,18229,OT
2015-11-19,Colorado Avalanche,Pittsburgh Penguins,4,3,2:29,18430,
2015-11-19,Buffalo Sabres,St. Louis Blues,3,2,2:38,17359,SO
2015-11-19,New York Rangers,Tampa Bay Lightning,2,1,2:33,19092,
2015-11-19,Dallas Stars,Washington Capitals,2,3,2:27,18506,
2015-11-20,Toronto Maple Leafs,Carolina Hurricanes,1,2,2:52,10327,SO
2015-11-20,Nashville Predators,Columbus Blue Jackets,4,0,2:24,13584,
2015-11-20,Chicago Blackhawks,Calgary Flames,2,1,2:32,19289,OT
2015-11-20,Los Angeles Kings,Detroit Red Wings,3,2,2:28,20027,
2015-11-20,New Jersey Devils,Edmonton Oilers,5,1,2:22,16839,
2015-11-20,Montreal Canadiens,New York Islanders,3,5,2:35,15171,
2015-11-21,Toronto Maple Leafs,Boston Bruins,2,0,2:33,17565,
2015-11-21,Buffalo Sabres,Dallas Stars,3,0,2:25,18532,
2015-11-21,New York Rangers,Florida Panthers,4,5,2:48,17866,OT
2015-11-21,Nashville Predators,Minnesota Wild,4,0,2:33,19056,
2015-11-21,Philadelphia Flyers,Ottawa Senators,4,0,2:29,18578,
2015-11-21,San Jose Sharks,Pittsburgh Penguins,1,3,2:29,18534,
2015-11-21,Detroit Red Wings,St. Louis Blues,3,4,2:37,18098,OT
2015-11-21,Anaheim Ducks,Tampa Bay Lightning,5,0,2:31,19092,
2015-11-21,Chicago Blackhawks,Vancouver Canucks,6,3,2:24,18570,
2015-11-21,Arizona Coyotes,Winnipeg Jets,3,2,2:29,15294,
2015-11-21,Colorado Avalanche,Washington Capitals,7,3,2:34,18506,
2015-11-22,Los Angeles Kings,Carolina Hurricanes,4,3,2:33,10154,
2015-11-22,San Jose Sharks,Columbus Blue Jackets,3,5,2:34,13397,
2015-11-22,New York Islanders,Montreal Canadiens,4,2,2:28,21288,
2015-11-22,New Jersey Devils,Vancouver Canucks,2,3,2:35,18268,
2015-11-23,St. Louis Blues,Buffalo Sabres,1,2,2:28,17563,
2015-11-23,Los Angeles Kings,Florida Panthers,1,3,2:33,10997,
2015-11-23,Nashville Predators,New York Rangers,3,0,2:29,18006,
2015-11-23,Carolina Hurricanes,Philadelphia Flyers,3,2,2:33,18636,OT
2015-11-23,Boston Bruins,Toronto Maple Leafs,3,4,2:58,19609,SO
2015-11-23,Colorado Avalanche,Winnipeg Jets,1,4,2:19,15294,
2015-11-23,Edmonton Oilers,Washington Capitals,1,0,2:21,18506,
2015-11-24,Calgary Flames,Anaheim Ducks,5,3,2:32,15688,
2015-11-24,Ottawa Senators,Dallas Stars,4,7,2:31,18532,
2015-11-25,Anaheim Ducks,Arizona Coyotes,4,2,2:32,11578,
2015-11-25,Nashville Predators,Buffalo Sabres,2,3,2:24,17871,
2015-11-25,Edmonton Oilers,Carolina Hurricanes,4,1,2:18,10911,
2015-11-25,Ottawa Senators,Colorado Avalanche,3,5,2:30,16570,
2015-11-25,Boston Bruins,Detroit Red Wings,2,3,2:24,20027,OT
2015-11-25,Vancouver Canucks,Minnesota Wild,2,3,2:26,18877,
2015-11-25,Columbus Blue Jackets,New Jersey Devils,1,2,2:20,13567,
2015-11-25,Philadelphia Flyers,New York Islanders,3,1,2:24,13027,
2015-11-25,Montreal Canadiens,New York Rangers,1,5,2:28,18006,
2015-11-25,St. Louis Blues,Pittsburgh Penguins,4,3,2:26,18569,OT
2015-11-25,Chicago Blackhawks,San Jose Sharks,2,5,2:25,17562,
2015-11-25,Los Angeles Kings,Tampa Bay Lightning,2,1,2:46,19092,SO
2015-11-25,Winnipeg Jets,Washington Capitals,5,3,2:27,18506,
2015-11-27,Chicago Blackhawks,Anaheim Ducks,2,3,2:43,17174,OT
2015-11-27,Calgary Flames,Arizona Coyotes,2,1,2:32,11495,OT
2015-11-27,New York Rangers,Boston Bruins,4,3,2:33,17565,
2015-11-27,Carolina Hurricanes,Buffalo Sabres,4,1,2:18,18052,
2015-11-27,Pittsburgh Penguins,Columbus Blue Jackets,2,1,2:43,18205,OT
2015-11-27,Vancouver Canucks,Dallas Stars,3,2,2:41,18532,SO
2015-11-27,Edmonton Oilers,Detroit Red Wings,4,3,2:27,20027,OT
2015-11-27,New York Islanders,Florida Panthers,3,2,2:36,14598,SO
2015-11-27,Winnipeg Jets,Minnesota Wild,1,3,2:30,19055,
2015-11-27,Montreal Canadiens,New Jersey Devils,2,3,2:46,16514,SO
2015-11-27,Nashville Predators,Philadelphia Flyers,3,2,2:41,19818,OT
2015-11-27,Tampa Bay Lightning,Washington Capitals,4,2,2:38,18506,
2015-11-28,Ottawa Senators,Arizona Coyotes,4,3,2:34,12727,
2015-11-28,Winnipeg Jets,Colorado Avalanche,5,3,2:23,16311,
2015-11-28,Chicago Blackhawks,Los Angeles Kings,3,2,2:29,18482,OT
2015-11-28,Dallas Stars,Minnesota Wild,3,4,2:36,19024,OT
2015-11-28,New Jersey Devils,Montreal Canadiens,2,3,2:39,21288,OT
2015-11-28,Buffalo Sabres,Nashville Predators,1,4,2:36,17217,
2015-11-28,Philadelphia Flyers,New York Rangers,0,3,2:19,18006,
2015-11-28,Edmonton Oilers,Pittsburgh Penguins,2,3,2:45,18656,SO
2015-11-28,Calgary Flames,San Jose Sharks,5,2,2:21,17283,
2015-11-28,Columbus Blue Jackets,St. Louis Blues,3,1,2:22,19227,
2015-11-28,New York Islanders,Tampa Bay Lightning,2,3,2:23,19092,
2015-11-28,Washington Capitals,Toronto Maple Leafs,2,4,2:25,19053,
2015-11-29,Florida Panthers,Detroit Red Wings,1,2,2:38,20027,OT
2015-11-30,Vancouver Canucks,Anaheim Ducks,4,0,2:29,14006,
2015-11-30,Colorado Avalanche,New York Islanders,5,3,2:26,11585,
2015-11-30,Carolina Hurricanes,New York Rangers,4,3,2:26,18006,
2015-11-30,Edmonton Oilers,Toronto Maple Leafs,3,0,2:27,19559,
2015-12-01,Dallas Stars,Calgary Flames,4,3,2:32,19237,SO
2015-12-01,Minnesota Wild,Chicago Blackhawks,1,2,2:29,21580,
2015-12-01,Buffalo Sabres,Detroit Red Wings,5,4,2:47,20027,SO
2015-12-01,Vancouver Canucks,Los Angeles Kings,2,1,2:30,18230,OT
2015-12-01,Columbus Blue Jackets,Montreal Canadiens,2,1,2:28,21288,
2015-12-01,Colorado Avalanche,New Jersey Devils,1,2,2:25,14019,
2015-12-01,Arizona Coyotes,Nashville Predators,5,2,2:28,15091,
2015-12-01,Philadelphia Flyers,Ottawa Senators,2,4,2:34,17010,
2015-12-01,Pittsburgh Penguins,San Jose Sharks,1,5,2:27,16624,
2015-12-01,Florida Panthers,St. Louis Blues,1,3,2:28,15395,
2015-12-02,Tampa Bay Lightning,Anaheim Ducks,1,2,2:40,14741,
2015-12-02,Boston Bruins,Edmonton Oilers,3,2,2:49,16839,SO
2015-12-02,New York Rangers,New York Islanders,2,1,2:38,15795,SO
2015-12-02,Toronto Maple Leafs,Winnipeg Jets,6,1,2:27,15294,
2015-12-03,New Jersey Devils,Carolina Hurricanes,1,5,2:35,9254,
2015-12-03,Arizona Coyotes,Detroit Red Wings,5,1,2:31,20027,
2015-12-03,Toronto Maple Leafs,Minnesota Wild,1,0,2:26,18880,
2015-12-03,Washington Capitals,Montreal Canadiens,2,3,2:30,21288,
2015-12-03,Florida Panthers,Nashville Predators,1,2,2:26,15405,
2015-12-03,Colorado Avalanche,New York Rangers,1,2,2:19,18006,
2015-12-03,Chicago Blackhawks,Ottawa Senators,4,3,2:41,17171,OT
2015-12-03,Dallas Stars,Vancouver Canucks,2,4,2:34,18302,
2015-12-04,San Jose Sharks,Anaheim Ducks,1,0,2:26,15701,
2015-12-04,Arizona Coyotes,Buffalo Sabres,5,2,2:34,18204,
2015-12-04,Florida Panthers,Columbus Blue Jackets,1,2,2:43,14062,SO
2015-12-04,Boston Bruins,Calgary Flames,5,4,2:41,19289,OT
2015-12-04,Dallas Stars,Edmonton Oilers,2,1,2:24,16839,OT
2015-12-04,Philadelphia Flyers,New Jersey Devils,3,4,2:34,14825,OT
2015-12-04,St. Louis Blues,New York Islanders,2,1,2:34,12873,SO
2015-12-05,Montreal Canadiens,Carolina Hurricanes,3,2,2:36,10687,
2015-12-05,Nashville Predators,Detroit Red Wings,5,4,2:39,20027,OT
2015-12-05,Pittsburgh Penguins,Los Angeles Kings,5,3,2:28,18230,
2015-12-05,Colorado Avalanche,Minnesota Wild,3,0,2:28,19173,
2015-12-05,New York Islanders,Ottawa Senators,3,2,2:37,17281,OT
2015-12-05,Columbus Blue Jackets,Philadelphia Flyers,1,4,2:30,18202,
2015-12-05,Tampa Bay Lightning,San Jose Sharks,3,4,2:36,16089,
2015-12-05,Toronto Maple Leafs,St. Louis Blues,1,4,2:31,18698,
2015-12-05,Boston Bruins,Vancouver Canucks,0,4,2:24,18570,
2015-12-05,Washington Capitals,Winnipeg Jets,2,1,2:46,15294,OT
2015-12-06,Pittsburgh Penguins,Anaheim Ducks,2,1,2:29,15836,
2015-12-06,Arizona Coyotes,Carolina Hurricanes,5,4,2:27,9021,
2015-12-06,Winnipeg Jets,Chicago Blackhawks,3,1,2:41,21749,
2015-12-06,Buffalo Sabres,Edmonton Oilers,4,2,2:41,16839,
2015-12-06,Tampa Bay Lightning,Los Angeles Kings,3,1,2:35,18230,
2015-12-06,Florida Panthers,New Jersey Devils,4,2,2:28,13643,
2015-12-06,Ottawa Senators,New York Rangers,4,1,2:30,18006,
2015-12-07,Nashville Predators,Boston Bruins,2,3,2:36,17565,
2015-12-07,Minnesota Wild,Colorado Avalanche,2,1,2:33,16589,OT
2015-12-07,Buffalo Sabres,Vancouver Canucks,5,2,2:28,18278,
2015-12-08,Los Angeles Kings,Columbus Blue Jackets,2,3,2:35,15633,OT
2015-12-08,San Jose Sharks,Calgary Flames,4,2,2:39,19289,
2015-12-08,Nashville Predators,Chicago Blackhawks,4,1,2:26,21432,
2015-12-08,Carolina Hurricanes,Dallas Stars,6,5,2:34,18287,
2015-12-08,Ottawa Senators,Florida Panthers,2,4,2:21,11571,
2015-12-08,New York Islanders,Philadelphia Flyers,3,4,2:43,18108,SO
2015-12-08,Arizona Coyotes,St. Louis Blues,4,1,2:35,16301,
2015-12-08,New Jersey Devils,Toronto Maple Leafs,3,2,2:46,19043,SO
2015-12-08,Detroit Red Wings,Washington Capitals,3,2,2:41,18506,SO
2015-12-09,Pittsburgh Penguins,Colorado Avalanche,2,4,2:29,15838,
2015-12-09,San Jose Sharks,Edmonton Oilers,4,3,2:40,16839,OT
2015-12-09,Boston Bruins,Montreal Canadiens,1,3,2:37,21288,
2015-12-09,New York Rangers,Vancouver Canucks,2,1,2:28,18195,
2015-12-10,Buffalo Sabres,Calgary Flames,4,3,2:33,18565,
2015-12-10,Montreal Canadiens,Detroit Red Wings,3,2,2:34,20027,
2015-12-10,Washington Capitals,Florida Panthers,4,1,2:47,12810,
2015-12-10,Chicago Blackhawks,Nashville Predators,5,1,2:31,17113,
2015-12-10,Philadelphia Flyers,St. Louis Blues,2,4,2:27,14428,
2015-12-10,Ottawa Senators,Tampa Bay Lightning,4,1,2:32,19092,
2015-12-10,Columbus Blue Jackets,Winnipeg Jets,6,4,2:34,15294,
2015-12-11,Carolina Hurricanes,Anaheim Ducks,1,5,2:27,17174,
2015-12-11,Minnesota Wild,Arizona Coyotes,2,1,2:36,14404,OT
2015-12-11,Winnipeg Jets,Chicago Blackhawks,2,0,2:22,22021,
2015-12-11,Philadelphia Flyers,Dallas Stars,3,1,2:35,18532,
2015-12-11,New York Rangers,Edmonton Oilers,7,5,2:39,16839,
2015-12-11,Detroit Red Wings,New Jersey Devils,3,2,2:34,16514,OT
2015-12-11,Los Angeles Kings,Pittsburgh Penguins,2,3,2:51,18489,SO
2015-12-12,Carolina Hurricanes,Arizona Coyotes,4,5,2:34,12668,OT
2015-12-12,Florida Panthers,Boston Bruins,3,1,2:31,17565,
2015-12-12,Los Angeles Kings,Buffalo Sabres,2,1,2:32,18133,OT
2015-12-12,New York Islanders,Columbus Blue Jackets,2,3,2:29,12342,OT
2015-12-12,New York Rangers,Calgary Flames,5,4,2:32,19289,OT
2015-12-12,Ottawa Senators,Montreal Canadiens,3,1,2:36,21288,
2015-12-12,Colorado Avalanche,Nashville Predators,2,3,2:36,17113,
2015-12-12,Minnesota Wild,San Jose Sharks,0,2,2:25,16766,
2015-12-12,Dallas Stars,St. Louis Blues,3,0,2:33,15023,
2015-12-12,Washington Capitals,Tampa Bay Lightning,1,2,2:32,19092,
2015-12-13,Vancouver Canucks,Chicago Blackhawks,4,0,2:23,21711,
2015-12-13,New Jersey Devils,New York Islanders,4,0,2:25,13259,
2015-12-13,Colorado Avalanche,St. Louis Blues,1,3,2:19,17961,
2015-12-14,Edmonton Oilers,Boston Bruins,2,3,2:38,17565,OT
2015-12-14,Tampa Bay Lightning,Columbus Blue Jackets,1,2,2:27,12494,
2015-12-14,Buffalo Sabres,Detroit Red Wings,1,2,2:26,20027,
2015-12-14,Los Angeles Kings,Ottawa Senators,5,3,2:32,17829,
2015-12-14,Washington Capitals,Pittsburgh Penguins,1,4,2:36,18520,
2015-12-15,New Jersey Devils,Buffalo Sabres,0,2,2:22,18297,
2015-12-15,Colorado Avalanche,Chicago Blackhawks,0,3,2:24,21473,
2015-12-15,Columbus Blue Jackets,Dallas Stars,5,1,2:31,18232,
2015-12-15,Vancouver Canucks,Minnesota Wild,6,2,2:31,18804,
2015-12-15,San Jose Sharks,Montreal Canadiens,1,3,2:26,21288,
2015-12-15,Calgary Flames,Nashville Predators,1,2,2:26,15431,OT
2015-12-15,Florida Panthers,New York Islanders,1,5,2:27,13656,
2015-12-15,Edmonton Oilers,New York Rangers,4,2,2:21,18006,
2015-12-15,Carolina Hurricanes,Philadelphia Flyers,4,3,2:29,18205,OT
2015-12-15,Tampa Bay Lightning,Toronto Maple Leafs,4,5,2:38,18989,OT
2015-12-15,St. Louis Blues,Winnipeg Jets,3,4,2:26,15294,
2015-12-16,Pittsburgh Penguins,Boston Bruins,3,0,2:34,17565,
2015-12-16,Ottawa Senators,Washington Capitals,2,1,2:27,18506,
2015-12-17,Columbus Blue Jackets,Arizona Coyotes,5,7,2:32,11120,
2015-12-17,Anaheim Ducks,Buffalo Sabres,3,0,2:31,18801,
2015-12-17,Edmonton Oilers,Chicago Blackhawks,4,0,2:25,21451,
2015-12-17,New York Islanders,Colorado Avalanche,2,1,2:23,15811,
2015-12-17,Calgary Flames,Dallas Stars,1,3,2:25,18410,
2015-12-17,New York Rangers,Minnesota Wild,5,2,2:27,19090,
2015-12-17,Los Angeles Kings,Montreal Canadiens,0,3,2:29,21288,
2015-12-17,Florida Panthers,New Jersey Devils,1,5,2:21,12512,
2015-12-17,Vancouver Canucks,Philadelphia Flyers,2,0,2:33,17943,
2015-12-17,Nashville Predators,St. Louis Blues,2,1,2:26,17882,
2015-12-17,San Jose Sharks,Toronto Maple Leafs,4,5,2:41,18966,OT
2015-12-18,Florida Panthers,Carolina Hurricanes,0,2,2:24,10511,
2015-12-18,Vancouver Canucks,Detroit Red Wings,3,4,2:44,20027,SO
2015-12-18,San Jose Sharks,Ottawa Senators,4,2,2:34,17990,
2015-12-18,Boston Bruins,Pittsburgh Penguins,2,6,2:34,18585,
2015-12-18,New York Rangers,Winnipeg Jets,5,2,2:25,15294,
2015-12-18,Tampa Bay Lightning,Washington Capitals,5,3,2:25,18506,
2015-12-19,New York Islanders,Arizona Coyotes,1,0,2:23,11878,
2015-12-19,Chicago Blackhawks,Buffalo Sabres,2,3,2:38,18870,SO
2015-12-19,Philadelphia Flyers,Columbus Blue Jackets,3,2,2:44,14030,SO
2015-12-19,Edmonton Oilers,Colorado Avalanche,5,1,2:24,17570,
2015-12-19,Montreal Canadiens,Dallas Stars,6,2,2:35,18532,
2015-12-19,Anaheim Ducks,New Jersey Devils,1,2,2:20,16514,
2015-12-19,Minnesota Wild,Nashville Predators,3,2,2:26,17117,
2015-12-19,Carolina Hurricanes,Pittsburgh Penguins,1,2,2:17,18590,
2015-12-19,Calgary Flames,St. Louis Blues,3,2,2:33,18163,
2015-12-19,Los Angeles Kings,Toronto Maple Leafs,5,0,2:28,19362,
2015-12-20,New Jersey Devils,Boston Bruins,2,1,2:43,17565,SO
2015-12-20,San Jose Sharks,Chicago Blackhawks,4,3,2:41,22096,OT
2015-12-20,Calgary Flames,Detroit Red Wings,4,2,2:25,20027,
2015-12-20,Vancouver Canucks,Florida Panthers,5,4,4:31,13459,SO
2015-12-20,Washington Capitals,New York Rangers,3,7,2:31,18006,
2015-12-20,Ottawa Senators,Tampa Bay Lightning,5,2,2:32,19092,
2015-12-21,Washington Capitals,Carolina Hurricanes,1,2,2:17,13228,
2015-12-21,Toronto Maple Leafs,Colorado Avalanche,4,7,2:35,16084,
2015-12-21,Winnipeg Jets,Edmonton Oilers,3,1,2:37,16839,
2015-12-21,Dallas Stars,Minnesota Wild,3,6,2:41,19047,
2015-12-21,Montreal Canadiens,Nashville Predators,5,1,2:32,17113,
2015-12-21,Anaheim Ducks,New York Islanders,5,2,2:26,13578,
2015-12-21,St. Louis Blues,Philadelphia Flyers,4,3,2:31,19676,
2015-12-21,Columbus Blue Jackets,Pittsburgh Penguins,5,2,2:35,18602,
2015-12-22,Toronto Maple Leafs,Arizona Coyotes,3,2,2:39,12234,
2015-12-22,St. Louis Blues,Boston Bruins,0,2,2:26,17565,
2015-12-22,Winnipeg Jets,Calgary Flames,4,1,2:35,19289,
2015-12-22,Chicago Blackhawks,Dallas Stars,4,0,2:26,18532,
2015-12-22,New Jersey Devils,Detroit Red Wings,3,4,2:32,20027,
2015-12-22,Ottawa Senators,Florida Panthers,2,1,2:41,14538,SO
2015-12-22,San Jose Sharks,Los Angeles Kings,3,5,2:33,18493,
2015-12-22,Montreal Canadiens,Minnesota Wild,2,1,2:31,19105,
2015-12-22,Anaheim Ducks,New York Rangers,3,2,2:38,18006,OT
2015-12-22,Vancouver Canucks,Tampa Bay Lightning,1,2,2:30,19092,
2015-12-26,Los Angeles Kings,Arizona Coyotes,3,4,2:36,15277,OT
2015-12-26,Buffalo Sabres,Boston Bruins,3,6,2:27,17565,
2015-12-26,New Jersey Devils,Carolina Hurricanes,3,1,2:15,11654,
2015-12-26,Pittsburgh Penguins,Minnesota Wild,1,3,2:30,19234,
2015-12-26,Detroit Red Wings,Nashville Predators,2,3,2:26,17208,
2015-12-26,Dallas Stars,St. Louis Blues,3,2,2:51,19185,SO
2015-12-26,Columbus Blue Jackets,Tampa Bay Lightning,5,2,2:38,19092,
2015-12-26,Edmonton Oilers,Vancouver Canucks,2,1,2:34,18570,OT
2015-12-26,Montreal Canadiens,Washington Capitals,3,1,2:31,18506,
2015-12-27,Philadelphia Flyers,Anaheim Ducks,4,2,2:29,17322,
2015-12-27,Edmonton Oilers,Calgary Flames,5,3,2:26,19289,
2015-12-27,Carolina Hurricanes,Chicago Blackhawks,1,2,2:22,22157,
2015-12-27,Arizona Coyotes,Colorado Avalanche,1,2,2:41,18064,OT
2015-12-27,St. Louis Blues,Dallas Stars,3,0,2:38,18532,
2015-12-27,Columbus Blue Jackets,Florida Panthers,3,2,2:27,16902,
2015-12-27,Toronto Maple Leafs,New York Islanders,1,3,2:20,15795,
2015-12-27,Boston Bruins,Ottawa Senators,3,1,2:25,20061,
2015-12-27,Pittsburgh Penguins,Winnipeg Jets,1,0,2:20,15294,
2015-12-28,Washington Capitals,Buffalo Sabres,0,2,2:30,19070,
2015-12-28,Detroit Red Wings,Minnesota Wild,3,1,2:25,19110,
2015-12-28,New York Rangers,Nashville Predators,5,3,2:33,17317,
2015-12-28,Colorado Avalanche,San Jose Sharks,3,6,2:23,17562,
2015-12-28,Montreal Canadiens,Tampa Bay Lightning,3,4,3:00,19092,SO
2015-12-28,Los Angeles Kings,Vancouver Canucks,0,5,2:29,18570,
2015-12-29,Chicago Blackhawks,Arizona Coyotes,5,7,2:43,17197,
2015-12-29,Ottawa Senators,Boston Bruins,7,3,2:47,17565,
2015-12-29,Dallas Stars,Columbus Blue Jackets,6,3,2:38,15836,
2015-12-29,Anaheim Ducks,Calgary Flames,0,1,2:18,19289,
2015-12-29,Los Angeles Kings,Edmonton Oilers,2,5,2:30,16839,
2015-12-29,Montreal Canadiens,Florida Panthers,3,1,2:29,19822,
2015-12-29,Carolina Hurricanes,New Jersey Devils,3,2,2:25,16514,
2015-12-29,Nashville Predators,St. Louis Blues,4,3,2:43,19319,OT
2015-12-29,New York Islanders,Toronto Maple Leafs,3,6,2:32,19899,
2015-12-29,Detroit Red Wings,Winnipeg Jets,4,1,2:22,15294,
2015-12-30,New Jersey Devils,Ottawa Senators,0,3,2:15,19825,
2015-12-30,Toronto Maple Leafs,Pittsburgh Penguins,2,3,2:47,18662,SO
2015-12-30,Philadelphia Flyers,San Jose Sharks,4,2,2:32,17562,
2015-12-30,New York Rangers,Tampa Bay Lightning,2,5,2:31,19092,
2015-12-30,Buffalo Sabres,Washington Capitals,5,2,2:38,18506,
2015-12-31,Winnipeg Jets,Arizona Coyotes,4,2,2:34,14027,
2015-12-31,New York Islanders,Buffalo Sabres,1,2,2:27,19070,
2015-12-31,Washington Capitals,Carolina Hurricanes,4,2,2:26,14134,
2015-12-31,Los Angeles Kings,Calgary Flames,1,4,2:25,19289,
2015-12-31,Chicago Blackhawks,Colorado Avalanche,3,4,2:29,18048,OT
2015-12-31,Nashville Predators,Dallas Stars,5,1,2:32,18532,
2015-12-31,Pittsburgh Penguins,Detroit Red Wings,2,5,2:38,20027,
2015-12-31,Anaheim Ducks,Edmonton Oilers,0,1,2:26,16839,
2015-12-31,Minnesota Wild,St. Louis Blues,1,3,2:20,19194,
2016-01-01,Montreal Canadiens,Boston Bruins,1,5,2:52,67246,
2016-01-01,Anaheim Ducks,Vancouver Canucks,2,1,2:30,18570,SO
2016-01-02,Detroit Red Wings,Buffalo Sabres,3,4,2:28,19070,
2016-01-02,Nashville Predators,Carolina Hurricanes,1,2,2:36,12149,OT
2016-01-02,Washington Capitals,Columbus Blue Jackets,5,4,2:48,17170,SO
2016-01-02,Calgary Flames,Colorado Avalanche,0,4,2:26,18087,
2016-01-02,Arizona Coyotes,Edmonton Oilers,4,3,2:47,16839,SO
2016-01-02,New York Rangers,Florida Panthers,3,0,2:25,20289,
2016-01-02,Philadelphia Flyers,Los Angeles Kings,2,1,2:33,18230,
2016-01-02,Dallas Stars,New Jersey Devils,3,2,2:31,16514,OT
2016-01-02,New York Islanders,Pittsburgh Penguins,5,2,2:28,18665,
2016-01-02,Winnipeg Jets,San Jose Sharks,1,4,2:26,17562,
2016-01-02,Minnesota Wild,Tampa Bay Lightning,3,2,2:45,19092,SO
2016-01-02,St. Louis Blues,Toronto Maple Leafs,4,1,2:37,19221,
2016-01-03,Winnipeg Jets,Anaheim Ducks,4,1,2:28,17174,
2016-01-03,Ottawa Senators,Chicago Blackhawks,3,0,2:21,22016,
2016-01-03,Minnesota Wild,Florida Panthers,2,1,2:33,15426,
2016-01-03,Dallas Stars,New York Islanders,6,5,2:36,14054,
2016-01-04,Los Angeles Kings,Colorado Avalanche,4,1,2:30,15202,
2016-01-04,Carolina Hurricanes,Edmonton Oilers,1,0,2:24,16839,OT
2016-01-04,Detroit Red Wings,New Jersey Devils,0,1,2:17,15547,
2016-01-04,Ottawa Senators,St. Louis Blues,2,3,2:39,19152,OT
2016-01-04,Arizona Coyotes,Vancouver Canucks,2,3,2:36,18377,
2016-01-05,Washington Capitals,Boston Bruins,2,3,2:26,17565,
2016-01-05,Florida Panthers,Buffalo Sabres,1,5,2:27,18560,
2016-01-05,Minnesota Wild,Columbus Blue Jackets,2,4,2:29,12411,
2016-01-05,Tampa Bay Lightning,Calgary Flames,3,1,2:21,18966,
2016-01-05,Winnipeg Jets,Nashville Predators,1,4,2:25,17113,
2016-01-05,Dallas Stars,New York Rangers,6,2,2:24,18006,
2016-01-05,Montreal Canadiens,Philadelphia Flyers,4,3,2:37,19163,
2016-01-05,Chicago Blackhawks,Pittsburgh Penguins,2,3,2:28,18658,OT
2016-01-06,Toronto Maple Leafs,Anaheim Ducks,0,4,2:35,16283,
2016-01-06,Pittsburgh Penguins,Chicago Blackhawks,3,1,2:27,21908,
2016-01-06,St. Louis Blues,Colorado Avalanche,4,3,2:34,13359,OT
2016-01-06,New Jersey Devils,Montreal Canadiens,2,1,2:30,21288,
2016-01-06,Carolina Hurricanes,Vancouver Canucks,3,2,2:23,18364,
2016-01-07,Arizona Coyotes,Calgary Flames,1,2,2:27,19272,
2016-01-07,Winnipeg Jets,Dallas Stars,2,1,2:42,18532,SO
2016-01-07,Toronto Maple Leafs,Los Angeles Kings,2,1,2:35,18230,
2016-01-07,Philadelphia Flyers,Minnesota Wild,3,4,2:34,19125,OT
2016-01-07,Washington Capitals,New York Islanders,1,4,2:22,14261,
2016-01-07,Florida Panthers,Ottawa Senators,2,3,2:25,17150,
2016-01-07,Detroit Red Wings,San Jose Sharks,1,2,2:29,16856,
2016-01-08,St. Louis Blues,Anaheim Ducks,4,3,2:55,16250,SO
2016-01-08,Columbus Blue Jackets,Carolina Hurricanes,4,1,2:36,14241,
2016-01-08,Buffalo Sabres,Chicago Blackhawks,3,1,2:28,22142,
2016-01-08,Nashville Predators,Colorado Avalanche,5,3,2:30,17680,
2016-01-08,Tampa Bay Lightning,Edmonton Oilers,2,3,2:32,16839,
2016-01-08,Boston Bruins,New Jersey Devils,1,4,2:18,16514,
2016-01-09,Nashville Predators,Arizona Coyotes,4,0,2:27,12345,
2016-01-09,Carolina Hurricanes,Columbus Blue Jackets,3,4,2:36,16532,OT
2016-01-09,Minnesota Wild,Dallas Stars,1,2,2:34,18532,
2016-01-09,St. Louis Blues,Los Angeles Kings,1,2,2:47,18413,SO
2016-01-09,Pittsburgh Penguins,Montreal Canadiens,1,3,2:34,21288,
2016-01-09,Washington Capitals,New York Rangers,3,4,2:35,18006,OT
2016-01-09,Boston Bruins,Ottawa Senators,2,1,2:38,19125,OT
2016-01-09,New York Islanders,Philadelphia Flyers,4,0,2:25,19874,
2016-01-09,Toronto Maple Leafs,San Jose Sharks,7,0,2:26,17281,
2016-01-09,Tampa Bay Lightning,Vancouver Canucks,2,3,2:37,18335,OT
2016-01-10,Detroit Red Wings,Anaheim Ducks,1,2,2:26,17174,
2016-01-10,Colorado Avalanche,Chicago Blackhawks,6,3,2:23,22007,
2016-01-10,Florida Panthers,Edmonton Oilers,1,2,2:25,16839,
2016-01-10,New Jersey Devils,Minnesota Wild,1,2,2:19,19028,
2016-01-10,Buffalo Sabres,Winnipeg Jets,2,4,2:44,15294,
2016-01-10,Ottawa Senators,Washington Capitals,7,1,2:32,18506,
2016-01-11,San Jose Sharks,Calgary Flames,4,5,2:41,19227,
2016-01-11,Detroit Red Wings,Los Angeles Kings,4,2,2:23,18230,
2016-01-11,Boston Bruins,New York Rangers,2,1,2:21,18006,
2016-01-11,Florida Panthers,Vancouver Canucks,3,2,2:28,18570,OT
2016-01-12,Edmonton Oilers,Arizona Coyotes,4,3,2:38,11391,OT
2016-01-12,Pittsburgh Penguins,Carolina Hurricanes,3,2,2:21,13012,OT
2016-01-12,Nashville Predators,Chicago Blackhawks,3,2,2:28,21618,
2016-01-12,Tampa Bay Lightning,Colorado Avalanche,0,4,2:18,14227,
2016-01-12,Buffalo Sabres,Minnesota Wild,2,3,2:33,19034,
2016-01-12,Columbus Blue Jackets,New York Islanders,5,2,2:25,13115,
2016-01-12,New Jersey Devils,St. Louis Blues,5,2,2:39,17951,
2016-01-12,San Jose Sharks,Winnipeg Jets,1,4,2:28,15294,
2016-01-13,Ottawa Senators,Anaheim Ducks,4,1,2:26,15791,
2016-01-13,Florida Panthers,Calgary Flames,6,0,2:21,18702,
2016-01-13,Boston Bruins,Philadelphia Flyers,3,2,2:22,19704,
2016-01-13,Columbus Blue Jackets,Toronto Maple Leafs,1,3,2:32,18903,
2016-01-14,Detroit Red Wings,Arizona Coyotes,2,3,2:31,12014,OT
2016-01-14,New Jersey Devils,Colorado Avalanche,3,0,2:19,15636,
2016-01-14,Chicago Blackhawks,Montreal Canadiens,1,2,2:28,21288,
2016-01-14,New York Rangers,New York Islanders,3,1,2:22,15795,
2016-01-14,Edmonton Oilers,San Jose Sharks,2,1,2:29,15379,SO
2016-01-14,Carolina Hurricanes,St. Louis Blues,1,4,2:23,19282,
2016-01-14,Nashville Predators,Winnipeg Jets,5,4,2:38,15294,OT
2016-01-14,Vancouver Canucks,Washington Capitals,4,1,2:23,18605,
2016-01-15,Dallas Stars,Anaheim Ducks,4,2,2:36,16201,
2016-01-15,Boston Bruins,Buffalo Sabres,1,4,2:30,18704,
2016-01-15,Vancouver Canucks,Carolina Hurricanes,2,3,2:30,11657,OT
2016-01-15,Winnipeg Jets,Minnesota Wild,0,1,2:19,19222,
2016-01-15,Pittsburgh Penguins,Tampa Bay Lightning,5,4,2:42,19092,OT
2016-01-15,Chicago Blackhawks,Toronto Maple Leafs,1,4,2:30,20049,
2016-01-16,New Jersey Devils,Arizona Coyotes,0,2,2:25,11745,
2016-01-16,Toronto Maple Leafs,Boston Bruins,3,2,2:41,17565,
2016-01-16,Washington Capitals,Buffalo Sabres,4,1,2:28,19070,
2016-01-16,Colorado Avalanche,Columbus Blue Jackets,2,1,2:28,17776,
2016-01-16,Calgary Flames,Edmonton Oilers,2,1,2:45,16839,SO
2016-01-16,Ottawa Senators,Los Angeles Kings,3,5,2:29,18230,
2016-01-16,Minnesota Wild,Nashville Predators,3,0,2:29,17302,
2016-01-16,New York Rangers,Philadelphia Flyers,2,3,2:36,19843,SO
2016-01-16,Dallas Stars,San Jose Sharks,4,3,2:38,17562,OT
2016-01-16,Montreal Canadiens,St. Louis Blues,4,3,2:48,19501,OT
2016-01-17,Los Angeles Kings,Anaheim Ducks,2,3,2:40,17227,
2016-01-17,Montreal Canadiens,Chicago Blackhawks,5,2,2:25,22030,
2016-01-17,Philadelphia Flyers,Detroit Red Wings,1,2,2:39,20027,SO
2016-01-17,Vancouver Canucks,New York Islanders,1,2,2:50,15795,SO
2016-01-17,Carolina Hurricanes,Pittsburgh Penguins,5,0,2:28,18528,
2016-01-17,Florida Panthers,Tampa Bay Lightning,3,1,2:24,19092,
2016-01-17,New York Rangers,Washington Capitals,5,2,2:39,18506,
2016-01-18,Buffalo Sabres,Arizona Coyotes,1,2,2:32,11134,
2016-01-18,Edmonton Oilers,Florida Panthers,2,4,2:27,14897,
2016-01-18,Ottawa Senators,San Jose Sharks,3,4,2:38,16619,SO
2016-01-18,Pittsburgh Penguins,St. Louis Blues,5,2,2:30,19312,
2016-01-18,Colorado Avalanche,Winnipeg Jets,1,2,2:20,15294,
2016-01-19,Washington Capitals,Columbus Blue Jackets,3,6,2:28,12291,
2016-01-19,Dallas Stars,Los Angeles Kings,3,2,2:34,18230,
2016-01-19,Boston Bruins,Montreal Canadiens,1,4,2:28,21288,
2016-01-19,Calgary Flames,New Jersey Devils,4,2,2:22,14319,
2016-01-19,Chicago Blackhawks,Nashville Predators,1,4,2:24,17122,
2016-01-19,Vancouver Canucks,New York Rangers,3,2,2:31,18006,OT
2016-01-19,Toronto Maple Leafs,Philadelphia Flyers,2,3,2:38,19319,
2016-01-19,Edmonton Oilers,Tampa Bay Lightning,6,4,2:31,19092,
2016-01-20,Minnesota Wild,Anaheim Ducks,3,1,2:28,15962,
2016-01-20,Buffalo Sabres,Colorado Avalanche,2,1,2:20,13274,
2016-01-20,St. Louis Blues,Detroit Red Wings,1,2,2:29,20027,
2016-01-21,San Jose Sharks,Arizona Coyotes,1,3,2:22,12251,
2016-01-21,Vancouver Canucks,Boston Bruins,2,4,2:25,17565,
2016-01-21,Calgary Flames,Columbus Blue Jackets,2,4,2:12,12492,
2016-01-21,Edmonton Oilers,Dallas Stars,3,2,2:35,18532,
2016-01-21,Minnesota Wild,Los Angeles Kings,0,3,2:37,18230,
2016-01-21,Ottawa Senators,New Jersey Devils,6,3,2:29,14772,
2016-01-21,Philadelphia Flyers,Pittsburgh Penguins,4,3,2:39,18652,
2016-01-21,Chicago Blackhawks,Tampa Bay Lightning,2,1,2:22,19092,
2016-01-21,Carolina Hurricanes,Toronto Maple Leafs,0,1,2:29,18981,OT
2016-01-21,Nashville Predators,Winnipeg Jets,1,4,2:24,15294,
2016-01-22,Detroit Red Wings,Buffalo Sabres,0,3,2:30,18601,
2016-01-22,New York Rangers,Carolina Hurricanes,1,4,2:20,14102,
2016-01-22,St. Louis Blues,Colorado Avalanche,2,1,2:48,16366,SO
2016-01-22,Chicago Blackhawks,Florida Panthers,4,0,2:21,19343,
2016-01-22,New York Islanders,Ottawa Senators,2,5,2:26,18305,
2016-01-23,Los Angeles Kings,Arizona Coyotes,3,2,2:33,14195,
2016-01-23,Columbus Blue Jackets,Boston Bruins,3,2,2:44,17565,SO
2016-01-23,Colorado Avalanche,Dallas Stars,1,3,2:32,18532,
2016-01-23,Anaheim Ducks,Detroit Red Wings,3,4,2:33,20027,
2016-01-23,Nashville Predators,Edmonton Oilers,1,4,2:31,16839,
2016-01-23,Tampa Bay Lightning,Florida Panthers,5,2,2:30,19626,
2016-01-23,Vancouver Canucks,Pittsburgh Penguins,5,4,2:18,18539,
2016-01-23,Minnesota Wild,San Jose Sharks,4,3,2:38,16956,
2016-01-23,Montreal Canadiens,Toronto Maple Leafs,2,3,2:49,19807,SO
2016-01-23,New Jersey Devils,Winnipeg Jets,1,3,2:21,15294,
2016-01-24,Calgary Flames,Carolina Hurricanes,5,2,2:34,9934,
2016-01-24,St. Louis Blues,Chicago Blackhawks,2,0,2:21,22138,
2016-01-24,New York Rangers,Ottawa Senators,3,0,2:20,18940,
2016-01-24,Los Angeles Kings,San Jose Sharks,2,3,2:39,17562,OT
2016-01-25,Montreal Canadiens,Columbus Blue Jackets,5,2,2:30,11927,
2016-01-25,Calgary Flames,Dallas Stars,2,1,2:25,18532,
2016-01-25,Arizona Coyotes,Minnesota Wild,1,2,2:48,19020,SO
2016-01-25,Detroit Red Wings,New York Islanders,2,4,2:21,12086,
2016-01-25,Buffalo Sabres,New York Rangers,6,3,2:30,18006,
2016-01-25,Boston Bruins,Philadelphia Flyers,2,3,2:36,19738,
2016-01-26,Anaheim Ducks,Boston Bruins,2,6,2:40,17565,
2016-01-26,Chicago Blackhawks,Carolina Hurricanes,5,0,2:27,14588,
2016-01-26,Toronto Maple Leafs,Florida Panthers,5,1,2:31,14585,
2016-01-26,Columbus Blue Jackets,Montreal Canadiens,2,5,2:33,21288,
2016-01-26,Buffalo Sabres,Ottawa Senators,2,3,2:36,16815,
2016-01-26,New Jersey Devils,Pittsburgh Penguins,2,0,2:28,18442,
2016-01-26,Colorado Avalanche,San Jose Sharks,6,1,2:34,17424,
2016-01-26,Nashville Predators,Vancouver Canucks,1,2,2:17,18570,
2016-01-26,Arizona Coyotes,Winnipeg Jets,5,2,2:27,15294,
2016-01-27,Nashville Predators,Calgary Flames,1,2,2:30,19289,
2016-01-27,Colorado Avalanche,Los Angeles Kings,3,4,2:29,18230,
2016-01-27,Toronto Maple Leafs,Tampa Bay Lightning,1,0,2:30,19092,
2016-01-27,Philadelphia Flyers,Washington Capitals,3,4,2:38,18506,OT
2016-02-02,San Jose Sharks,Anaheim Ducks,3,2,2:27,16588,
2016-02-02,Los Angeles Kings,Arizona Coyotes,2,6,2:36,12261,
2016-02-02,Toronto Maple Leafs,Boston Bruins,3,4,2:41,17565,OT
2016-02-02,Chicago Blackhawks,Colorado Avalanche,1,2,2:26,18007,
2016-02-02,Columbus Blue Jackets,Edmonton Oilers,5,1,2:34,16839,
2016-02-02,New York Rangers,New Jersey Devils,3,2,2:29,16514,
2016-02-02,St. Louis Blues,Nashville Predators,0,1,2:22,16045,
2016-02-02,Minnesota Wild,New York Islanders,5,3,2:39,13331,
2016-02-02,Montreal Canadiens,Philadelphia Flyers,4,2,2:31,19031,
2016-02-02,Ottawa Senators,Pittsburgh Penguins,6,5,2:41,18420,
2016-02-02,Dallas Stars,Winnipeg Jets,3,5,2:24,15294,
2016-02-02,Florida Panthers,Washington Capitals,2,5,2:35,18506,
2016-02-03,Carolina Hurricanes,Calgary Flames,4,1,2:22,18895,
2016-02-03,Buffalo Sabres,Montreal Canadiens,2,4,2:31,21288,
2016-02-03,Detroit Red Wings,Tampa Bay Lightning,3,1,2:26,19092,
2016-02-04,Chicago Blackhawks,Arizona Coyotes,4,5,2:46,17125,OT
2016-02-04,Boston Bruins,Buffalo Sabres,2,3,2:39,18845,SO
2016-02-04,Dallas Stars,Colorado Avalanche,3,4,2:38,14351,OT
2016-02-04,Detroit Red Wings,Florida Panthers,6,3,2:32,16991,
2016-02-04,Anaheim Ducks,Los Angeles Kings,2,4,2:33,18230,
2016-02-04,Philadelphia Flyers,Nashville Predators,3,6,2:27,17113,
2016-02-04,Minnesota Wild,New York Rangers,4,2,2:25,18006,
2016-02-04,Edmonton Oilers,Ottawa Senators,2,7,2:38,18564,
2016-02-04,San Jose Sharks,St. Louis Blues,1,3,2:25,18803,
2016-02-04,New Jersey Devils,Toronto Maple Leafs,3,2,3:00,18947,SO
2016-02-04,Columbus Blue Jackets,Vancouver Canucks,1,2,2:34,18199,SO
2016-02-04,New York Islanders,Washington Capitals,3,2,2:23,18506,
2016-02-05,Arizona Coyotes,Anaheim Ducks,5,2,2:41,17342,
2016-02-05,Columbus Blue Jackets,Calgary Flames,1,2,2:29,19289,
2016-02-05,Pittsburgh Penguins,Tampa Bay Lightning,6,3,2:38,19092,
2016-02-05,Carolina Hurricanes,Winnipeg Jets,3,5,2:20,15294,
2016-02-06,Buffalo Sabres,Boston Bruins,2,1,2:40,17565,OT
2016-02-06,Winnipeg Jets,Colorado Avalanche,2,4,2:45,14983,
2016-02-06,Chicago Blackhawks,Dallas Stars,1,5,2:23,18532,
2016-02-06,New York Islanders,Detroit Red Wings,5,1,2:49,20027,
2016-02-06,Pittsburgh Penguins,Florida Panthers,2,3,2:38,20295,OT
2016-02-06,Edmonton Oilers,Montreal Canadiens,5,1,2:25,21288,
2016-02-06,Washington Capitals,New Jersey Devils,2,3,2:34,16514,SO
2016-02-06,San Jose Sharks,Nashville Predators,6,2,2:35,17192,
2016-02-06,Toronto Maple Leafs,Ottawa Senators,6,1,2:29,19379,
2016-02-06,New York Rangers,Philadelphia Flyers,2,3,2:35,19819,SO
2016-02-06,Minnesota Wild,St. Louis Blues,4,1,2:43,19318,
2016-02-06,Calgary Flames,Vancouver Canucks,1,4,2:19,18570,
2016-02-07,Carolina Hurricanes,Montreal Canadiens,2,1,2:57,21288,SO
2016-02-07,Edmonton Oilers,New York Islanders,8,1,2:35,14030,
2016-02-07,Philadelphia Flyers,Washington Capitals,3,2,2:36,18506,
2016-02-08,Florida Panthers,Detroit Red Wings,3,0,2:38,20027,
2016-02-08,New Jersey Devils,New York Rangers,2,1,2:29,18006,
2016-02-08,Tampa Bay Lightning,Ottawa Senators,5,1,2:25,17078,
2016-02-08,Anaheim Ducks,Pittsburgh Penguins,6,2,2:34,18418,
2016-02-09,Los Angeles Kings,Boston Bruins,2,9,2:35,17565,
2016-02-09,Florida Panthers,Buffalo Sabres,4,7,2:36,18521,
2016-02-09,New York Islanders,Columbus Blue Jackets,2,3,2:51,14303,SO
2016-02-09,Toronto Maple Leafs,Calgary Flames,4,3,2:37,19289,
2016-02-09,San Jose Sharks,Chicago Blackhawks,0,2,2:25,21753,
2016-02-09,Vancouver Canucks,Colorado Avalanche,1,3,2:22,14436,
2016-02-09,Dallas Stars,Minnesota Wild,3,4,2:40,19087,OT
2016-02-09,Tampa Bay Lightning,Montreal Canadiens,4,2,2:33,21288,
2016-02-09,Edmonton Oilers,New Jersey Devils,2,1,2:24,16514,
2016-02-09,Washington Capitals,Nashville Predators,3,5,2:33,17113,
2016-02-09,Anaheim Ducks,Philadelphia Flyers,1,4,2:37,18717,
2016-02-09,Winnipeg Jets,St. Louis Blues,1,2,2:41,18323,SO
2016-02-10,Vancouver Canucks,Arizona Coyotes,1,2,2:39,12255,
2016-02-10,Ottawa Senators,Detroit Red Wings,3,1,2:28,20027,
2016-02-10,New York Rangers,Pittsburgh Penguins,0,3,2:21,18539,
2016-02-11,Anaheim Ducks,Columbus Blue Jackets,4,3,2:34,12117,SO
2016-02-11,Dallas Stars,Chicago Blackhawks,2,4,2:27,22051,
2016-02-11,Toronto Maple Leafs,Edmonton Oilers,5,2,2:30,16839,
2016-02-11,Washington Capitals,Minnesota Wild,3,4,2:41,19213,
2016-02-11,Los Angeles Kings,New York Islanders,5,2,2:29,13643,
2016-02-11,Colorado Avalanche,Ottawa Senators,3,4,2:25,17632,
2016-02-11,Buffalo Sabres,Philadelphia Flyers,5,1,2:24,19019,
2016-02-11,Calgary Flames,San Jose Sharks,5,6,2:51,16854,SO
2016-02-11,Boston Bruins,Winnipeg Jets,2,6,2:34,15294,
2016-02-12,Calgary Flames,Arizona Coyotes,4,1,2:35,13643,
2016-02-12,Montreal Canadiens,Buffalo Sabres,6,4,2:31,18505,
2016-02-12,Pittsburgh Penguins,Carolina Hurricanes,1,2,2:32,15783,SO
2016-02-12,Colorado Avalanche,Detroit Red Wings,2,3,2:38,20027,SO
2016-02-12,St. Louis Blues,Florida Panthers,3,5,2:28,13904,
2016-02-12,Los Angeles Kings,New York Rangers,4,5,2:34,18006,OT
2016-02-12,Nashville Predators,Tampa Bay Lightning,4,3,2:32,19092,OT
2016-02-13,New York Islanders,Carolina Hurricanes,6,3,2:20,16520,
2016-02-13,Ottawa Senators,Columbus Blue Jackets,4,2,2:35,16164,
2016-02-13,Anaheim Ducks,Chicago Blackhawks,2,3,2:36,22107,OT
2016-02-13,Washington Capitals,Dallas Stars,4,3,2:24,18532,
2016-02-13,Winnipeg Jets,Edmonton Oilers,1,2,2:43,16839,SO
2016-02-13,Nashville Predators,Florida Panthers,0,5,2:32,15591,
2016-02-13,Boston Bruins,Minnesota Wild,2,4,2:26,19191,
2016-02-13,New Jersey Devils,Philadelphia Flyers,1,2,2:31,19775,OT
2016-02-13,Arizona Coyotes,San Jose Sharks,4,1,2:32,17562,
2016-02-13,Toronto Maple Leafs,Vancouver Canucks,2,5,2:30,18570,
2016-02-14,Colorado Avalanche,Buffalo Sabres,4,1,2:25,19070,
2016-02-14,Boston Bruins,Detroit Red Wings,6,5,2:33,20027,
2016-02-14,Los Angeles Kings,New Jersey Devils,1,0,2:24,16514,
2016-02-14,Philadelphia Flyers,New York Rangers,3,1,2:36,18006,
2016-02-14,St. Louis Blues,Tampa Bay Lightning,1,2,2:31,19092,
2016-02-15,Montreal Canadiens,Arizona Coyotes,6,2,2:16,14338,
2016-02-15,Anaheim Ducks,Calgary Flames,4,6,2:32,19289,
2016-02-15,Toronto Maple Leafs,Chicago Blackhawks,7,2,2:26,21767,
2016-02-15,Pittsburgh Penguins,Florida Panthers,2,1,2:45,15595,SO
2016-02-15,Dallas Stars,Nashville Predators,2,3,2:32,17113,OT
2016-02-15,Detroit Red Wings,New York Islanders,4,1,2:21,15795,
2016-02-15,Minnesota Wild,Vancouver Canucks,2,5,2:32,18437,
2016-02-16,Winnipeg Jets,Carolina Hurricanes,2,1,2:18,10489,
2016-02-16,Boston Bruins,Columbus Blue Jackets,1,2,2:35,13140,OT
2016-02-16,Anaheim Ducks,Edmonton Oilers,3,5,2:43,16839,
2016-02-16,Philadelphia Flyers,New Jersey Devils,3,6,2:39,15482,
2016-02-16,Buffalo Sabres,Ottawa Senators,2,1,2:36,15893,SO
2016-02-16,Dallas Stars,St. Louis Blues,2,1,2:35,18156,OT
2016-02-16,San Jose Sharks,Tampa Bay Lightning,2,4,2:22,19092,
2016-02-16,Los Angeles Kings,Washington Capitals,3,1,2:32,18506,
2016-02-17,Minnesota Wild,Calgary Flames,3,5,2:28,19289,
2016-02-17,Montreal Canadiens,Colorado Avalanche,3,2,2:27,16271,
2016-02-17,Chicago Blackhawks,New York Rangers,3,5,2:27,18006,
2016-02-18,Dallas Stars,Arizona Coyotes,6,3,2:35,11853,
2016-02-18,Minnesota Wild,Edmonton Oilers,2,5,2:25,16839,
2016-02-18,San Jose Sharks,Florida Panthers,1,2,2:37,13019,SO
2016-02-18,Boston Bruins,Nashville Predators,2,0,2:35,17113,
2016-02-18,Washington Capitals,New York Islanders,2,3,2:44,15795,OT
2016-02-18,Carolina Hurricanes,Ottawa Senators,4,2,2:30,16994,
2016-02-18,Detroit Red Wings,Pittsburgh Penguins,6,3,2:30,18584,
2016-02-18,Los Angeles Kings,St. Louis Blues,2,1,2:42,18923,OT
2016-02-18,Winnipeg Jets,Tampa Bay Lightning,6,5,2:47,19092,SO
2016-02-18,New York Rangers,Toronto Maple Leafs,2,4,2:36,18952,
2016-02-18,Anaheim Ducks,Vancouver Canucks,2,5,2:30,18435,
2016-02-19,San Jose Sharks,Carolina Hurricanes,5,2,2:21,11756,
2016-02-19,Buffalo Sabres,Columbus Blue Jackets,0,4,2:27,14923,
2016-02-19,Vancouver Canucks,Calgary Flames,5,2,2:27,19289,
2016-02-19,Philadelphia Flyers,Montreal Canadiens,3,2,2:50,21288,SO
2016-02-19,New York Islanders,New Jersey Devils,0,1,2:17,16514,
2016-02-20,St. Louis Blues,Arizona Coyotes,4,6,2:29,15839,
2016-02-20,Boston Bruins,Dallas Stars,3,7,2:58,18532,
2016-02-20,Colorado Avalanche,Edmonton Oilers,2,3,2:29,16939,
2016-02-20,Winnipeg Jets,Florida Panthers,3,1,2:27,16210,
2016-02-20,Los Angeles Kings,Nashville Predators,1,2,2:35,17369,OT
2016-02-20,Detroit Red Wings,Ottawa Senators,3,2,2:44,18930,SO
2016-02-20,Tampa Bay Lightning,Pittsburgh Penguins,2,4,2:34,18643,
2016-02-20,Philadelphia Flyers,Toronto Maple Leafs,4,5,2:47,19060,OT
2016-02-20,New Jersey Devils,Washington Capitals,4,3,2:26,18506,
2016-02-21,Calgary Flames,Anaheim Ducks,5,2,2:31,17174,
2016-02-21,Pittsburgh Penguins,Buffalo Sabres,3,4,2:36,19070,
2016-02-21,Tampa Bay Lightning,Carolina Hurricanes,2,4,2:20,10422,
2016-02-21,Chicago Blackhawks,Minnesota Wild,6,1,2:43,50426,
2016-02-21,Detroit Red Wings,New York Rangers,1,0,2:36,18006,OT
2016-02-21,Colorado Avalanche,Vancouver Canucks,5,1,2:28,18431,
2016-02-22,Columbus Blue Jackets,Boston Bruins,4,6,2:37,17565,
2016-02-22,Nashville Predators,Montreal Canadiens,1,2,2:43,21288,SO
2016-02-22,San Jose Sharks,St. Louis Blues,3,6,2:32,19371,
2016-02-22,Arizona Coyotes,Washington Capitals,3,2,2:38,18506,
2016-02-23,Philadelphia Flyers,Carolina Hurricanes,3,1,2:23,10896,
2016-02-23,Columbus Blue Jackets,Detroit Red Wings,2,1,2:32,20027,SO
2016-02-23,Ottawa Senators,Edmonton Oilers,1,4,2:20,16839,
2016-02-23,Calgary Flames,Los Angeles Kings,2,1,2:38,18230,
2016-02-23,New York Islanders,Minnesota Wild,1,4,2:33,19085,
2016-02-23,New York Rangers,New Jersey Devils,5,2,2:32,16514,
2016-02-23,Arizona Coyotes,Tampa Bay Lightning,2,1,2:37,19092,
2016-02-23,Nashville Predators,Toronto Maple Leafs,2,3,2:30,18844,
2016-02-23,Dallas Stars,Winnipeg Jets,3,5,2:32,15294,
2016-02-24,Buffalo Sabres,Anaheim Ducks,1,0,2:33,16543,
2016-02-24,Pittsburgh Penguins,Boston Bruins,5,1,2:26,17565,
2016-02-24,San Jose Sharks,Colorado Avalanche,4,3,2:35,15564,SO
2016-02-24,Montreal Canadiens,Washington Capitals,3,4,2:43,18506,
2016-02-25,New Jersey Devils,Columbus Blue Jackets,6,1,2:23,12590,
2016-02-25,New York Islanders,Calgary Flames,1,2,2:34,19289,OT
2016-02-25,Nashville Predators,Chicago Blackhawks,1,3,2:22,22058,
2016-02-25,Winnipeg Jets,Dallas Stars,3,6,2:31,18532,
2016-02-25,Arizona Coyotes,Florida Panthers,3,2,2:35,13134,
2016-02-25,Edmonton Oilers,Los Angeles Kings,2,1,2:39,18230,
2016-02-25,Minnesota Wild,Philadelphia Flyers,3,2,2:29,18631,
2016-02-25,New York Rangers,St. Louis Blues,1,2,2:22,17524,
2016-02-25,Carolina Hurricanes,Toronto Maple Leafs,3,1,2:40,18862,
2016-02-25,Ottawa Senators,Vancouver Canucks,5,3,2:29,18570,
2016-02-26,Edmonton Oilers,Anaheim Ducks,2,1,2:18,17174,OT
2016-02-26,Boston Bruins,Carolina Hurricanes,1,4,2:27,17917,
2016-02-26,Tampa Bay Lightning,New Jersey Devils,0,4,2:33,15968,
2016-02-26,Buffalo Sabres,San Jose Sharks,1,3,2:17,17562,
2016-02-26,Minnesota Wild,Washington Capitals,3,2,2:21,18605,
2016-02-27,Florida Panthers,Columbus Blue Jackets,4,3,2:55,15400,SO
2016-02-27,Ottawa Senators,Calgary Flames,4,6,2:36,19289,
2016-02-27,Detroit Red Wings,Colorado Avalanche,3,5,2:39,50095,
2016-02-27,New York Rangers,Dallas Stars,2,3,2:37,18532,
2016-02-27,Buffalo Sabres,Los Angeles Kings,2,0,2:28,18230,
2016-02-27,Toronto Maple Leafs,Montreal Canadiens,4,1,2:40,21288,
2016-02-27,St. Louis Blues,Nashville Predators,5,0,2:34,17379,
2016-02-27,Arizona Coyotes,Philadelphia Flyers,4,2,2:30,19773,
2016-02-27,Winnipeg Jets,Pittsburgh Penguins,4,1,2:23,18650,
2016-02-28,Los Angeles Kings,Anaheim Ducks,4,2,2:44,17174,
2016-02-28,Tampa Bay Lightning,Boston Bruins,1,4,2:31,17565,
2016-02-28,St. Louis Blues,Carolina Hurricanes,2,5,2:30,15128,
2016-02-28,Washington Capitals,Chicago Blackhawks,3,2,2:24,22218,
2016-02-28,New York Islanders,Edmonton Oilers,3,1,2:23,16839,
2016-02-28,Florida Panthers,Minnesota Wild,3,1,2:37,19093,
2016-02-28,San Jose Sharks,Vancouver Canucks,1,4,2:19,18570,
2016-02-29,Detroit Red Wings,Dallas Stars,2,3,2:40,18532,OT
2016-02-29,Columbus Blue Jackets,New York Rangers,2,1,2:26,18006,
2016-02-29,Calgary Flames,Philadelphia Flyers,5,3,2:37,19065,
2016-02-29,Arizona Coyotes,Pittsburgh Penguins,6,0,2:29,18435,
2016-02-29,Montreal Canadiens,San Jose Sharks,6,2,2:28,16205,
2016-02-29,Tampa Bay Lightning,Toronto Maple Leafs,1,2,2:28,18933,
2016-03-01,Calgary Flames,Boston Bruins,2,1,2:28,17565,
2016-03-01,Edmonton Oilers,Buffalo Sabres,1,2,2:40,19070,OT
2016-03-01,Colorado Avalanche,Minnesota Wild,6,3,2:23,19107,
2016-03-01,Carolina Hurricanes,New Jersey Devils,1,3,2:26,14251,
2016-03-01,Dallas Stars,Nashville Predators,5,3,2:45,17113,
2016-03-01,St. Louis Blues,Ottawa Senators,3,4,2:51,17207,SO
2016-03-01,New York Islanders,Vancouver Canucks,2,3,2:29,18264,
2016-03-01,Florida Panthers,Winnipeg Jets,2,3,2:21,15294,
2016-03-01,Pittsburgh Penguins,Washington Capitals,3,2,2:30,18506,
2016-03-02,Montreal Canadiens,Anaheim Ducks,3,2,2:47,15273,SO
2016-03-02,Chicago Blackhawks,Detroit Red Wings,2,5,2:28,20027,
2016-03-02,Toronto Maple Leafs,Washington Capitals,3,2,2:32,18506,
2016-03-03,Anaheim Ducks,Arizona Coyotes,1,5,2:31,11999,
2016-03-03,Chicago Blackhawks,Boston Bruins,4,2,2:25,17565,
2016-03-03,Calgary Flames,Buffalo Sabres,6,3,2:31,18651,
2016-03-03,Florida Panthers,Colorado Avalanche,3,2,2:24,16194,
2016-03-03,Montreal Canadiens,Los Angeles Kings,3,2,2:25,18230,
2016-03-03,New Jersey Devils,Nashville Predators,4,5,2:50,17113,OT
2016-03-03,Tampa Bay Lightning,Ottawa Senators,1,4,2:27,17943,
2016-03-03,Edmonton Oilers,Philadelphia Flyers,0,4,2:32,18636,
2016-03-03,New York Rangers,Pittsburgh Penguins,4,1,2:22,18492,
2016-03-03,Minnesota Wild,Toronto Maple Leafs,1,2,2:27,18915,
2016-03-03,San Jose Sharks,Vancouver Canucks,2,3,2:24,18422,
2016-03-03,New York Islanders,Winnipeg Jets,3,4,2:32,15294,OT
2016-03-04,Edmonton Oilers,Columbus Blue Jackets,6,3,2:38,15010,
2016-03-04,New Jersey Devils,Dallas Stars,4,2,2:31,18117,
2016-03-04,New York Rangers,Washington Capitals,2,3,2:37,18506,
2016-03-05,Florida Panthers,Arizona Coyotes,5,1,2:31,14825,
2016-03-05,Washington Capitals,Boston Bruins,1,2,2:40,17565,OT
2016-03-05,Minnesota Wild,Buffalo Sabres,2,3,2:47,19070,SO
2016-03-05,Nashville Predators,Colorado Avalanche,2,5,2:32,17165,
2016-03-05,Anaheim Ducks,Los Angeles Kings,2,3,2:36,18230,
2016-03-05,Columbus Blue Jackets,Philadelphia Flyers,6,0,2:23,19645,
2016-03-05,Calgary Flames,Pittsburgh Penguins,2,4,2:26,18663,
2016-03-05,Vancouver Canucks,San Jose Sharks,2,4,2:36,17562,
2016-03-05,Carolina Hurricanes,Tampa Bay Lightning,4,3,2:31,19092,OT
2016-03-05,Ottawa Senators,Toronto Maple Leafs,2,3,2:32,19339,
2016-03-05,Montreal Canadiens,Winnipeg Jets,4,2,2:20,15294,
2016-03-06,Detroit Red Wings,Chicago Blackhawks,4,1,2:24,22247,
2016-03-06,St. Louis Blues,Minnesota Wild,2,4,2:35,19040,
2016-03-06,Pittsburgh Penguins,New Jersey Devils,1,6,2:27,15856,
2016-03-06,New York Islanders,New York Rangers,4,6,2:28,18006,
2016-03-06,Dallas Stars,Ottawa Senators,1,2,2:33,19419,
2016-03-06,Edmonton Oilers,Winnipeg Jets,1,2,2:21,15294,
2016-03-07,Washington Capitals,Anaheim Ducks,1,2,2:38,17174,SO
2016-03-07,San Jose Sharks,Calgary Flames,1,2,2:26,18740,OT
2016-03-07,Arizona Coyotes,Colorado Avalanche,3,1,2:29,15393,
2016-03-07,Boston Bruins,Florida Panthers,4,5,3:00,19194,OT
2016-03-07,Vancouver Canucks,Los Angeles Kings,5,1,2:21,18230,
2016-03-07,Tampa Bay Lightning,Philadelphia Flyers,4,2,2:30,17906,
2016-03-07,Buffalo Sabres,Toronto Maple Leafs,3,4,2:50,18950,SO
2016-03-08,New York Rangers,Buffalo Sabres,2,4,2:27,18651,
2016-03-08,Ottawa Senators,Carolina Hurricanes,4,3,2:37,10743,SO
2016-03-08,Detroit Red Wings,Columbus Blue Jackets,5,3,2:34,14426,
2016-03-08,San Jose Sharks,Edmonton Oilers,0,3,2:22,16839,
2016-03-08,Dallas Stars,Montreal Canadiens,4,3,2:38,21288,OT
2016-03-08,Pittsburgh Penguins,New York Islanders,2,1,2:34,14724,
2016-03-08,Boston Bruins,Tampa Bay Lightning,0,1,2:26,19092,OT
2016-03-08,Nashville Predators,Winnipeg Jets,2,4,2:30,15294,
2016-03-09,Nashville Predators,Calgary Flames,3,2,2:29,19289,OT
2016-03-09,Anaheim Ducks,Colorado Avalanche,3,0,2:25,14292,
2016-03-09,Washington Capitals,Los Angeles Kings,4,3,2:38,18324,OT
2016-03-09,Chicago Blackhawks,St. Louis Blues,3,2,2:52,19756,SO
2016-03-09,New York Islanders,Toronto Maple Leafs,4,3,2:49,18889,SO
2016-03-09,Arizona Coyotes,Vancouver Canucks,3,2,2:33,18374,OT
2016-03-10,Carolina Hurricanes,Boston Bruins,2,3,2:34,17565,OT
2016-03-10,Winnipeg Jets,Detroit Red Wings,3,2,2:29,20027,
2016-03-10,Ottawa Senators,Florida Panthers,6,2,2:33,15051,
2016-03-10,Edmonton Oilers,Minnesota Wild,1,2,2:23,19058,
2016-03-10,Buffalo Sabres,Montreal Canadiens,3,2,2:54,21288,
2016-03-10,New Jersey Devils,San Jose Sharks,0,3,2:22,16234,
2016-03-11,Pittsburgh Penguins,Columbus Blue Jackets,2,3,2:31,18205,
2016-03-11,Arizona Coyotes,Calgary Flames,1,4,2:26,19289,
2016-03-11,Chicago Blackhawks,Dallas Stars,5,2,2:33,18532,
2016-03-11,Anaheim Ducks,St. Louis Blues,5,2,2:28,19412,
2016-03-11,Philadelphia Flyers,Tampa Bay Lightning,1,3,2:20,19092,
2016-03-12,New York Islanders,Boston Bruins,3,1,2:27,17565,
2016-03-12,Carolina Hurricanes,Buffalo Sabres,3,2,2:35,19070,OT
2016-03-12,St. Louis Blues,Dallas Stars,4,5,2:35,18532,OT
2016-03-12,New York Rangers,Detroit Red Wings,3,2,2:37,20027,OT
2016-03-12,Arizona Coyotes,Edmonton Oilers,0,4,2:29,16839,
2016-03-12,Philadelphia Flyers,Florida Panthers,5,4,2:50,19404,SO
2016-03-12,New Jersey Devils,Los Angeles Kings,1,2,2:30,18412,OT
2016-03-12,Minnesota Wild,Montreal Canadiens,1,4,2:28,21288,
2016-03-12,Toronto Maple Leafs,Ottawa Senators,4,0,2:27,18557,
2016-03-12,Washington Capitals,San Jose Sharks,5,2,2:26,17562,
2016-03-12,Nashville Predators,Vancouver Canucks,4,2,2:24,18570,
2016-03-12,Colorado Avalanche,Winnipeg Jets,3,2,2:29,15294,
2016-03-13,Tampa Bay Lightning,Columbus Blue Jackets,0,4,2:26,14701,
2016-03-13,Toronto Maple Leafs,Detroit Red Wings,0,1,2:40,20027,
2016-03-13,Pittsburgh Penguins,New York Rangers,3,5,2:25,18006,
2016-03-14,New Jersey Devils,Anaheim Ducks,7,1,2:33,15423,
2016-03-14,St. Louis Blues,Calgary Flames,7,4,2:43,19107,
2016-03-14,Los Angeles Kings,Chicago Blackhawks,0,5,2:32,22170,
2016-03-14,Nashville Predators,Edmonton Oilers,2,3,2:33,16839,
2016-03-14,Florida Panthers,New York Islanders,3,2,2:18,14106,
2016-03-14,Winnipeg Jets,Vancouver Canucks,2,5,2:14,18361,
2016-03-15,Los Angeles Kings,Dallas Stars,2,5,2:27,18532,
2016-03-15,Florida Panthers,Montreal Canadiens,1,4,2:31,21288,
2016-03-15,Minnesota Wild,Ottawa Senators,3,2,2:34,18966,OT
2016-03-15,Detroit Red Wings,Philadelphia Flyers,4,3,2:43,19806,
2016-03-15,New York Islanders,Pittsburgh Penguins,2,1,2:41,18456,SO
2016-03-15,Boston Bruins,San Jose Sharks,3,2,2:30,16624,
2016-03-15,Tampa Bay Lightning,Toronto Maple Leafs,4,1,2:27,18874,
2016-03-15,Carolina Hurricanes,Washington Capitals,2,1,2:22,18506,OT
2016-03-16,New York Rangers,Anaheim Ducks,1,2,2:29,15400,
2016-03-16,Montreal Canadiens,Buffalo Sabres,2,3,2:58,18815,OT
2016-03-16,Winnipeg Jets,Calgary Flames,4,1,2:31,18929,
2016-03-16,Philadelphia Flyers,Chicago Blackhawks,2,3,2:20,22113,
2016-03-16,St. Louis Blues,Edmonton Oilers,6,4,2:39,16839,
2016-03-16,Colorado Avalanche,Vancouver Canucks,1,3,2:20,18426,
2016-03-17,San Jose Sharks,Arizona Coyotes,3,1,2:28,13005,
2016-03-17,Detroit Red Wings,Columbus Blue Jackets,1,3,2:29,14415,
2016-03-17,Tampa Bay Lightning,Dallas Stars,4,3,2:30,18532,
2016-03-17,New York Rangers,Los Angeles Kings,4,3,2:36,18230,OT
2016-03-17,Minnesota Wild,New Jersey Devils,7,4,2:32,15114,
2016-03-17,New York Islanders,Nashville Predators,4,2,2:26,17113,
2016-03-17,Carolina Hurricanes,Pittsburgh Penguins,4,2,2:31,18455,
2016-03-17,Florida Panthers,Toronto Maple Leafs,1,4,2:32,18922,
2016-03-18,Boston Bruins,Anaheim Ducks,4,0,2:20,16707,
2016-03-18,Ottawa Senators,Buffalo Sabres,3,1,2:35,19070,
2016-03-18,Colorado Avalanche,Calgary Flames,3,4,2:43,19289,SO
2016-03-18,Vancouver Canucks,Edmonton Oilers,2,0,2:29,16839,
2016-03-18,Chicago Blackhawks,Winnipeg Jets,0,4,2:23,15294,
2016-03-18,Nashville Predators,Washington Capitals,4,1,2:28,18506,
2016-03-19,Tampa Bay Lightning,Arizona Coyotes,0,2,2:35,14183,
2016-03-19,New Jersey Devils,Columbus Blue Jackets,6,3,2:36,14447,
2016-03-19,New York Islanders,Dallas Stars,3,0,2:21,18532,
2016-03-19,Detroit Red Wings,Florida Panthers,3,5,2:38,20817,
2016-03-19,Boston Bruins,Los Angeles Kings,2,1,2:26,18373,
2016-03-19,Carolina Hurricanes,Minnesota Wild,3,2,2:38,19044,SO
2016-03-19,Montreal Canadiens,Ottawa Senators,5,0,2:27,19722,
2016-03-19,Pittsburgh Penguins,Philadelphia Flyers,1,4,2:39,19967,
2016-03-19,New York Rangers,San Jose Sharks,4,1,2:30,16888,
2016-03-19,Buffalo Sabres,Toronto Maple Leafs,4,1,2:30,18829,
2016-03-19,St. Louis Blues,Vancouver Canucks,0,3,2:29,18402,
2016-03-20,Minnesota Wild,Chicago Blackhawks,2,3,2:50,22059,SO
2016-03-20,Colorado Avalanche,Edmonton Oilers,2,3,2:27,16839,
2016-03-20,Calgary Flames,Montreal Canadiens,1,4,2:25,21288,
2016-03-20,Columbus Blue Jackets,New Jersey Devils,2,1,2:26,15146,
2016-03-20,Washington Capitals,Pittsburgh Penguins,6,2,2:41,18656,
2016-03-20,Arizona Coyotes,San Jose Sharks,3,0,2:29,15756,
2016-03-20,Anaheim Ducks,Winnipeg Jets,2,3,2:40,15294,OT
2016-03-21,Los Angeles Kings,Nashville Predators,5,2,2:30,17113,
2016-03-21,Philadelphia Flyers,New York Islanders,1,4,2:23,14329,
2016-03-21,Florida Panthers,New York Rangers,4,2,2:36,18006,
2016-03-21,Calgary Flames,Toronto Maple Leafs,5,2,2:32,19069,
2016-03-22,Edmonton Oilers,Arizona Coyotes,4,2,2:25,13408,
2016-03-22,Buffalo Sabres,Carolina Hurricanes,2,3,2:30,12676,
2016-03-22,Philadelphia Flyers,Columbus Blue Jackets,3,2,2:57,16230,SO
2016-03-22,Dallas Stars,Chicago Blackhawks,2,6,2:27,22034,
2016-03-22,Los Angeles Kings,Minnesota Wild,2,1,2:32,19018,
2016-03-22,Anaheim Ducks,Montreal Canadiens,4,3,2:28,21288,
2016-03-22,Washington Capitals,Ottawa Senators,2,4,2:28,19313,
2016-03-22,St. Louis Blues,San Jose Sharks,0,1,2:28,15411,
2016-03-22,Detroit Red Wings,Tampa Bay Lightning,6,2,2:29,19092,
2016-03-22,Vancouver Canucks,Winnipeg Jets,2,0,2:17,15294,
2016-03-23,Ottawa Senators,New York Islanders,3,1,2:27,13837,
2016-03-23,Boston Bruins,New York Rangers,5,2,2:41,18006,
2016-03-24,Dallas Stars,Arizona Coyotes,3,1,2:28,11887,
2016-03-24,Florida Panthers,Boston Bruins,1,4,2:45,17565,
2016-03-24,Carolina Hurricanes,Columbus Blue Jackets,2,3,2:34,16031,
2016-03-24,Philadelphia Flyers,Colorado Avalanche,2,4,2:28,18087,
2016-03-24,Montreal Canadiens,Detroit Red Wings,4,3,2:37,20027,
2016-03-24,Calgary Flames,Minnesota Wild,6,2,2:34,19032,
2016-03-24,Vancouver Canucks,Nashville Predators,3,2,2:35,17113,SO
2016-03-24,New Jersey Devils,Pittsburgh Penguins,0,3,2:21,18610,
2016-03-24,Edmonton Oilers,San Jose Sharks,3,6,2:28,16570,
2016-03-24,Anaheim Ducks,Toronto Maple Leafs,6,5,2:38,18935,OT
2016-03-24,Los Angeles Kings,Winnipeg Jets,4,1,2:23,15294,
2016-03-25,Washington Capitals,New Jersey Devils,0,1,2:27,16514,OT
2016-03-25,Vancouver Canucks,St. Louis Blues,4,0,2:23,19580,
2016-03-25,New York Islanders,Tampa Bay Lightning,7,4,2:37,19092,
2016-03-26,Philadelphia Flyers,Arizona Coyotes,2,1,2:44,16002,
2016-03-26,Winnipeg Jets,Buffalo Sabres,3,2,2:24,19070,
2016-03-26,New York Islanders,Carolina Hurricanes,3,4,2:29,11636,OT
2016-03-26,Chicago Blackhawks,Calgary Flames,1,4,2:23,19289,
2016-03-26,Minnesota Wild,Colorado Avalanche,0,4,2:31,18007,
2016-03-26,Pittsburgh Penguins,Detroit Red Wings,2,7,2:36,20027,
2016-03-26,Edmonton Oilers,Los Angeles Kings,6,4,2:32,18230,
2016-03-26,New York Rangers,Montreal Canadiens,2,5,2:22,21288,
2016-03-26,Columbus Blue Jackets,Nashville Predators,5,1,2:24,17113,
2016-03-26,Anaheim Ducks,Ottawa Senators,3,4,2:29,18162,OT
2016-03-26,Dallas Stars,San Jose Sharks,2,4,2:35,16439,
2016-03-26,Florida Panthers,Tampa Bay Lightning,2,5,2:28,19092,
2016-03-26,Boston Bruins,Toronto Maple Leafs,1,3,2:38,19185,
2016-03-26,St. Louis Blues,Washington Capitals,0,4,2:21,18506,
2016-03-27,New Jersey Devils,Carolina Hurricanes,3,2,2:23,12792,
2016-03-27,Pittsburgh Penguins,New York Rangers,2,3,2:42,18006,OT
2016-03-27,Chicago Blackhawks,Vancouver Canucks,2,3,2:26,18570,
2016-03-28,Calgary Flames,Arizona Coyotes,2,5,2:30,14347,
2016-03-28,Buffalo Sabres,Detroit Red Wings,3,2,2:30,20027,
2016-03-28,Anaheim Ducks,Edmonton Oilers,1,2,2:27,16839,
2016-03-28,Colorado Avalanche,Nashville Predators,3,4,2:34,16443,
2016-03-28,Winnipeg Jets,Philadelphia Flyers,3,2,2:36,19100,OT
2016-03-28,Los Angeles Kings,San Jose Sharks,5,2,2:29,17066,
2016-03-28,Toronto Maple Leafs,Tampa Bay Lightning,3,0,2:31,19092,
2016-03-28,Columbus Blue Jackets,Washington Capitals,4,1,2:26,18506,
2016-03-29,Nashville Predators,Dallas Stars,5,2,2:36,18265,
2016-03-29,Toronto Maple Leafs,Florida Panthers,2,5,2:25,16724,
2016-03-29,Chicago Blackhawks,Minnesota Wild,4,1,2:19,19190,
2016-03-29,Detroit Red Wings,Montreal Canadiens,4,3,2:39,21288,
2016-03-29,Boston Bruins,New Jersey Devils,2,1,2:27,15486,
2016-03-29,Carolina Hurricanes,New York Islanders,2,1,2:35,13733,SO
2016-03-29,Buffalo Sabres,Pittsburgh Penguins,5,4,2:48,18513,SO
2016-03-29,Colorado Avalanche,St. Louis Blues,3,1,2:27,19263,
2016-03-29,San Jose Sharks,Vancouver Canucks,1,4,2:30,18315,
2016-03-30,Calgary Flames,Anaheim Ducks,8,3,2:32,16004,
2016-03-30,Washington Capitals,Philadelphia Flyers,2,1,2:50,19850,SO
2016-03-30,Ottawa Senators,Winnipeg Jets,1,2,2:18,15294,
2016-03-31,Toronto Maple Leafs,Buffalo Sabres,4,1,2:40,18873,
2016-03-31,New York Rangers,Carolina Hurricanes,4,3,2:31,16336,
2016-03-31,Arizona Coyotes,Dallas Stars,4,1,2:28,18532,
2016-03-31,New Jersey Devils,Florida Panthers,3,2,2:34,15803,
2016-03-31,Calgary Flames,Los Angeles Kings,3,0,2:21,18417,
2016-03-31,Ottawa Senators,Minnesota Wild,2,3,2:20,19032,
2016-03-31,Columbus Blue Jackets,New York Islanders,4,3,2:30,13857,
2016-03-31,Nashville Predators,Pittsburgh Penguins,5,2,2:26,18560,
2016-03-31,Vancouver Canucks,San Jose Sharks,2,4,2:28,15689,
2016-03-31,Montreal Canadiens,Tampa Bay Lightning,0,3,2:29,19092,
2016-04-01,Vancouver Canucks,Anaheim Ducks,2,3,2:29,16331,
2016-04-01,Washington Capitals,Colorado Avalanche,2,4,2:24,18049,
2016-04-01,Minnesota Wild,Detroit Red Wings,3,2,2:25,20027,
2016-04-01,Boston Bruins,St. Louis Blues,5,6,2:40,19202,
2016-04-01,Chicago Blackhawks,Winnipeg Jets,4,5,2:38,15294,OT
2016-04-02,Washington Capitals,Arizona Coyotes,3,0,2:18,17125,
2016-04-02,Columbus Blue Jackets,Carolina Hurricanes,1,5,2:26,11542,
2016-04-02,Calgary Flames,Edmonton Oilers,0,5,2:25,16839,
2016-04-02,Montreal Canadiens,Florida Panthers,4,3,2:38,17427,
2016-04-02,Dallas Stars,Los Angeles Kings,2,3,2:52,18230,
2016-04-02,San Jose Sharks,Nashville Predators,2,3,2:40,17113,SO
2016-04-02,Pittsburgh Penguins,New York Islanders,0,5,2:36,15795,
2016-04-02,Buffalo Sabres,New York Rangers,3,4,2:31,18006,
2016-04-02,Ottawa Senators,Philadelphia Flyers,3,2,2:23,19578,
2016-04-02,New Jersey Devils,Tampa Bay Lightning,3,1,2:35,19092,
2016-04-02,Detroit Red Wings,Toronto Maple Leafs,2,3,2:30,19371,
2016-04-03,Dallas Stars,Anaheim Ducks,3,1,2:24,16585,
2016-04-03,Boston Bruins,Chicago Blackhawks,6,4,2:31,22156,
2016-04-03,St. Louis Blues,Colorado Avalanche,1,5,2:34,15485,
2016-04-03,Philadelphia Flyers,Pittsburgh Penguins,6,2,2:37,18673,
2016-04-03,Minnesota Wild,Winnipeg Jets,5,1,2:25,15294,
2016-04-04,New York Rangers,Columbus Blue Jackets,2,4,2:29,15951,
2016-04-04,Tampa Bay Lightning,New York Islanders,5,2,2:25,13106,
2016-04-04,Arizona Coyotes,St. Louis Blues,5,2,2:30,19465,
2016-04-04,Florida Panthers,Toronto Maple Leafs,3,4,2:50,18846,
2016-04-04,Los Angeles Kings,Vancouver Canucks,3,2,2:24,18415,
2016-04-05,Winnipeg Jets,Anaheim Ducks,1,2,2:32,16743,OT
2016-04-05,Carolina Hurricanes,Boston Bruins,1,2,2:40,17565,SO
2016-04-05,Los Angeles Kings,Calgary Flames,4,5,2:33,18438,OT
2016-04-05,Arizona Coyotes,Chicago Blackhawks,6,2,2:22,21884,
2016-04-05,San Jose Sharks,Minnesota Wild,0,3,2:21,19061,
2016-04-05,Florida Panthers,Montreal Canadiens,1,4,2:22,21288,
2016-04-05,Buffalo Sabres,New Jersey Devils,1,3,2:24,14773,
2016-04-05,Colorado Avalanche,Nashville Predators,4,3,2:35,17113,
2016-04-05,Tampa Bay Lightning,New York Rangers,3,2,2:30,18006,
2016-04-05,Pittsburgh Penguins,Ottawa Senators,3,5,2:28,19284,
2016-04-05,New York Islanders,Washington Capitals,3,4,2:33,18506,OT
2016-04-06,Philadelphia Flyers,Detroit Red Wings,3,0,2:44,20027,
2016-04-06,Vancouver Canucks,Edmonton Oilers,6,2,2:31,16839,
2016-04-06,Columbus Blue Jackets,Toronto Maple Leafs,1,5,2:23,18837,
2016-04-07,Detroit Red Wings,Boston Bruins,5,2,2:28,17565,
2016-04-07,Montreal Canadiens,Carolina Hurricanes,2,4,2:27,15120,
2016-04-07,Vancouver Canucks,Calgary Flames,7,3,2:23,19289,
2016-04-07,St. Louis Blues,Chicago Blackhawks,1,2,2:31,22075,OT
2016-04-07,Colorado Avalanche,Dallas Stars,4,2,2:27,18532,
2016-04-07,Anaheim Ducks,Los Angeles Kings,2,1,2:39,18511,
2016-04-07,Tampa Bay Lightning,New Jersey Devils,2,4,2:24,15536,
2016-04-07,Arizona Coyotes,Nashville Predators,3,2,2:32,17113,OT
2016-04-07,New York Islanders,New York Rangers,1,4,2:20,18006,
2016-04-07,Florida Panthers,Ottawa Senators,3,1,2:26,19165,
2016-04-07,Toronto Maple Leafs,Philadelphia Flyers,3,4,2:42,19674,OT
2016-04-07,Winnipeg Jets,San Jose Sharks,4,5,2:26,15900,
2016-04-07,Pittsburgh Penguins,Washington Capitals,3,4,2:37,18506,OT
2016-04-08,Columbus Blue Jackets,Buffalo Sabres,1,4,2:20,19070,
2016-04-09,Ottawa Senators,Boston Bruins,1,6,2:37,17565,
2016-04-09,Chicago Blackhawks,Columbus Blue Jackets,5,4,2:31,19177,OT
2016-04-09,Anaheim Ducks,Colorado Avalanche,3,5,2:27,17932,
2016-04-09,Nashville Predators,Dallas Stars,3,2,2:29,18532,
2016-04-09,Carolina Hurricanes,Florida Panthers,5,2,2:24,18434,
2016-04-09,Winnipeg Jets,Los Angeles Kings,3,4,2:46,18449,SO
2016-04-09,Calgary Flames,Minnesota Wild,1,2,2:26,19247,
2016-04-09,Tampa Bay Lightning,Montreal Canadiens,5,2,2:35,21288,
2016-04-09,Toronto Maple Leafs,New Jersey Devils,5,1,2:19,16514,
2016-04-09,Buffalo Sabres,New York Islanders,3,4,2:29,14811,OT
2016-04-09,Detroit Red Wings,New York Rangers,3,2,2:31,18006,
2016-04-09,Pittsburgh Penguins,Philadelphia Flyers,3,1,2:35,19919,
2016-04-09,Arizona Coyotes,San Jose Sharks,1,0,2:19,17562,
2016-04-09,Washington Capitals,St. Louis Blues,1,5,2:23,19610,
2016-04-09,Edmonton Oilers,Vancouver Canucks,4,3,2:52,18570,SO
2016-04-10,Philadelphia Flyers,New York Islanders,2,5,2:18,14244,
2016-04-10,Anaheim Ducks,Washington Capitals,0,2,2:22,18506,
